index,mismatch,hiv.beta_m2f,hiv.rel_death,hiv.eff_condom,structuredsexual.prop_f0,structuredsexual.prop_m0,structuredsexual.prop_f2,structuredsexual.prop_m2,structuredsexual.f1_conc,structuredsexual.m1_conc,structuredsexual.f2_conc,structuredsexual.m2_conc,structuredsexual.p_pair_form,structuredsexual.rel_condom_use
838,11.411940467969679,0.04071189514162264,1.0257703459812215,0.8662751034545689,0.6741879371338081,0.712102277180362,0.026155124017816604,0.023930084305412096,0.11379265739660195,0.19328421439158175,0.05106933875018699,0.43506360331147925,0.42354990811295895,1.4846915670481713
922,11.527891113131066,0.04788906124855778,1.218173749378868,0.8894408466326362,0.7103386831106108,0.7235010374946814,0.022075275921324994,0.020986516035922418,0.08280597158483827,0.11058046894808712,0.1219686015387919,0.3600540087785575,0.7910934399536603,1.4610726313402378
914,11.544416587445049,0.04655130986223532,1.2559361997731837,0.8838839695319965,0.71365191901509,0.7324573201431993,0.02233024928340011,0.020700407711639855,0.07958662387267249,0.12380235934291123,0.11058892016261407,0.419769615160273,0.77803049093052,1.4264778591197862
882,11.57842437135642,0.04734787648231521,1.297052672167185,0.8721680848842306,0.6855968355707022,0.7290559302230772,0.023897406564682463,0.022342043294399806,0.06824169067888011,0.17759135297645465,0.08743594219301588,0.40479381119075053,0.42400495450083325,1.4987195717848079
879,11.727961861822617,0.049006905750584376,1.2986244850020172,0.8731732983292769,0.6883028232786111,0.7271630895916745,0.02439208091029361,0.021813999569326312,0.07211895103979407,0.17964798813007365,0.0909240774041902,0.40873577811123574,0.4248217608556379,1.4480578126249637
920,11.797228817928122,0.04714842762602711,1.2211170411151875,0.8834582921801568,0.6985587593326947,0.7222290421282607,0.0227736078668987,0.023600150930112446,0.08090829095992211,0.11374512714270983,0.11349999757153478,0.3625248247146722,0.4457718059884834,1.4695173884418988
826,11.840412522799063,0.04250537529432797,1.0266542971237016,0.8636057000608393,0.6746224111989286,0.7122872567827919,0.03401265630778226,0.023664532834877475,0.019676661896133266,0.06534467403674532,0.07618152720190471,0.48906929241149066,0.40007564690782227,1.2755513666905032
792,11.84861907809574,0.04444354987670643,1.0308395838060218,0.8610854311520102,0.6666661879315406,0.7229743022389048,0.02598445910408688,0.023541512859292943,0.011637760334770507,0.18916441542936702,0.05013734960690347,0.44787165342271773,0.4364743527133278,1.322229112271629
794,11.888020434773765,0.04033222480942205,1.2826739082249399,0.8605475637938862,0.666940499864279,0.724521343090121,0.026223874975348956,0.019598722251905617,0.11397315749332074,0.18386850488893694,0.062151939862549,0.4396959950096403,0.4344515930300967,1.3292995135343117
893,11.888953331373717,0.04630810910466987,1.3082606981706104,0.8751891846737655,0.6808046436796836,0.7317412596609912,0.023932272925081426,0.02186668243555354,0.07268591999545364,0.0711875050931696,0.08782130948004713,0.4123946628328313,0.45779281356078216,1.4070401446883563
904,11.90290385418738,0.047919702964113964,1.2728496611355045,0.87600230668192,0.6878862077833702,0.7079994767701904,0.024696011370165517,0.02321995359952788,0.07451644265851419,0.06994320154225035,0.09727964154457634,0.41160155653832675,0.45249998790620805,1.4277012049417632
856,11.91955495438075,0.041197525392682746,1.3104586409488632,0.8714349439614507,0.6580674973998217,0.7113921456164751,0.027697040790158528,0.02394603300092856,0.0682626541413575,0.19258066615461214,0.09122363857386687,0.49302780609165464,0.7370397885245382,1.3683011584383404
532,12.00709761517652,0.027942440944908106,1.092193906892585,0.8602193201720209,0.646109503171474,0.776867315641412,0.023012334382946715,0.006277490055565083,0.06674062051217511,0.10703212325132,0.46695768423265765,0.47790753979565637,0.6996278791417212,1.210982903473374
909,12.024213347959183,0.04850969316857459,1.243978051353256,0.8769586154483758,0.6950267819841545,0.7241236515036732,0.023212629246488047,0.02319046794858015,0.07379006985060699,0.11384685611117036,0.10444623192912258,0.36270308672323515,0.4510724728896055,1.4467586866446205
377,12.037081048624636,0.024872933444903093,0.6234785437033417,0.8387919782508978,0.6426369570754272,0.768143801263948,0.02117406476400076,0.02538302825806263,0.0944535384145524,0.08998874181911175,0.4292810229909946,0.35844922217641284,0.5730554090564345,1.2397690694124177
861,12.068808981132872,0.04750422353799639,1.300733832367777,0.8703966029059396,0.6785925671817448,0.7289912255132549,0.02746635676301248,0.02206980829415135,0.07347259826281212,0.06678687154938771,0.08244651474675155,0.4312530687175687,0.4248464663939628,1.3609592929749168
332,12.076572837502914,0.03684671855766007,0.9253866655735526,0.8716593285459735,0.6876765852516213,0.6878247412436689,0.019448075787405362,0.04706320237118076,0.11111699034010507,0.0755290355591439,0.40315434659350785,0.49070262403971054,0.4226236834542573,1.305395640855156
813,12.089917782894016,0.042989474317824586,1.3204400596411996,0.8634104107614461,0.6719057659723041,0.7890235808435966,0.021335515290430936,0.023042406671665273,0.020421752822952055,0.06575259300375116,0.18423980029126416,0.5714468404237395,0.4017170104042823,1.3285745592265992
557,12.128661639863653,0.028238250416573,0.6423755041872605,0.8672027031589534,0.6293602152760078,0.7655133904109268,0.03195775939869701,0.006097346662655885,0.10601120313478264,0.10597635872834268,0.17388091468504233,0.5479461071297824,0.7422939591600097,1.21600278794925
599,12.140996749571904,0.028839850733243202,1.012625095715747,0.8816383691009498,0.6403067867120329,0.7930407187803885,0.01680093614050622,0.014930935366606734,0.019229583880922402,0.06065389911091894,0.19247373426402464,0.43804083451924386,0.74429201659964,1.1953470799290937
608,12.297134003339611,0.02939001739285322,1.2550169344246405,0.8800167623179723,0.6970479045635211,0.7887754997254977,0.017545141835833226,0.03761695077459386,0.08666065640424245,0.0611353498320877,0.15407633207856464,0.4374523865497584,0.6704689258372468,1.189660224324324
714,12.36514734843457,0.03263392012258499,1.0071024001074034,0.848740081092844,0.6259141035069429,0.7801583700452385,0.032709918675907085,0.035873441773328525,0.016378301742388583,0.19158819098547564,0.1912646950238759,0.45500166365059436,0.41698982796954265,1.2957778754375326
917,12.37916836005132,0.04656787162241115,1.2424307389734992,0.8863375338211241,0.6994972756157652,0.7046914894221737,0.022595335178055807,0.0235750767316589,0.08059936713569875,0.06606136505836968,0.0793591184196661,0.4212581939884524,0.785950215983388,1.434736419592003
798,12.392976465800547,0.044631003142925535,1.336543964680561,0.8618062006777667,0.743353743348348,0.7207569446850294,0.02626914486690041,0.036750226855852434,0.02031870993509418,0.19072524338000624,0.0702989581290859,0.44561412209257706,0.4399801154546364,1.3218731913789377
919,12.394999888559795,0.04628061167170365,1.2191607933941369,0.8874865295558446,0.6931227397837009,0.722953953363974,0.025272354686453953,0.02394184366481613,0.08042413918536206,0.11063001955620623,0.11897627410450376,0.4224505411624904,0.44710990019082103,1.4527228387237527
409,12.46893873621946,0.03634175334599224,1.0278040921425184,0.8720728691436358,0.6308084391344636,0.6963637161963457,0.03256100857712484,0.02553318468307834,0.06131252789019579,0.015755704991426096,0.24116025240309122,0.5126736294896953,0.5812609654561339,1.2791465088278133
858,12.479252503227343,0.048287792468124646,1.2648626232648115,0.8699067422238032,0.6749119024265965,0.7124561526044656,0.027477522650820117,0.025241034972531013,0.07040414674456172,0.06984032147663899,0.05101052097213727,0.43382582477244286,0.4274032294648669,1.3593335591591698
814,12.48112049854302,0.04270975504964025,1.0510907447360596,0.8627801106443954,0.6676313952452638,0.7163931528663373,0.02127323155084287,0.02352273915396351,0.07427463988370107,0.06517870097915725,0.20473509291662279,0.4367683525228034,0.40235174790724487,1.3353377551379366
913,12.497257868769779,0.04960893223779476,1.2492160592680814,0.8794563098532296,0.6926638907070848,0.7337046966362252,0.023112905030651918,0.023347703255471825,0.08106058344972894,0.1698249133039158,0.10925517230997736,0.37689670223134947,0.7774564616769793,1.4898790101152866
812,12.539047068283173,0.04425096051230969,1.3520055207383632,0.8630145318016715,0.6544673375057153,0.7208744514137755,0.02526167349293364,0.023385123152033994,0.06898337737208302,0.19065653736497326,0.07264138936401526,0.48910722046840105,0.4245980960083844,1.3302123576087788
903,12.566384628999787,0.04836386794868949,1.2384656698534866,0.8752176260578873,0.6845363878599481,0.7091120949984093,0.02472704171100549,0.023063564118963938,0.07561014432242817,0.0690898788186216,0.058629685598026914,0.42487405294351355,0.44742460960456026,1.4322347429786526
912,12.572148761091848,0.047197748800000314,1.2935962097904616,0.8799119735297846,0.6931446410978684,0.7334686284797566,0.02223086694145154,0.020797515767738348,0.07589302447332318,0.06836579898833549,0.07844608980622514,0.3762227928036053,0.7804461368056772,1.4364118734141733
94,12.576091976254947,0.028516559387492143,0.6614489677303024,0.8544252922245978,0.8965013669591653,0.7086753816180795,0.020477886731315877,0.005520968881076829,0.0931962142079459,0.19476120700407476,0.07838297976313577,0.6044307125685373,0.5013216887252538,1.251511375105314
740,12.607647540292312,0.03517899515378494,0.89101453595437,0.8507036729450351,0.6620201503427358,0.7950507438688192,0.025114106545459664,0.016159908145610625,0.1139485083825021,0.06994633024573922,0.18831563293051462,0.4669355795157883,0.41336018401807695,1.299611538006887
916,12.619040463856495,0.04765973384204893,1.2494606770132783,0.8821185356819092,0.7005052761923901,0.7338888422599283,0.022428065910871056,0.020535391457566114,0.08010996989679622,0.06736930500280956,0.0810453022475982,0.4287512578467318,0.44665245404968956,1.4955249802454758
873,12.632211357605842,0.050489608046749505,1.2630247826166434,0.87183149005793,0.6870070714043948,0.7311792275888377,0.023871627394655544,0.02192072957263022,0.06880467434866318,0.18164059323100792,0.09169776184600388,0.4069205472005544,0.4249115500870396,1.4088845918761634
715,12.644412139417565,0.03359940895381374,1.3681867865511392,0.8466067589659225,0.6250786449216471,0.7960767489698248,0.03232126377985853,0.022459089042277253,0.014489828330796838,0.19070230143475528,0.05637765514203945,0.3972231479729008,0.4170634457179261,1.3274201659427274
663,12.647713549145944,0.02438633719382653,0.62718177961598,0.8479733292084318,0.6329902983182754,0.7957587888846362,0.04667402101097378,0.017092842885677778,0.011022656014598455,0.05912015251963158,0.16135489158054842,0.42111920156724947,0.7119002524913514,1.2577512176546473
545,12.666225375530601,0.02876129865517517,0.9022674719806622,0.8679401053740605,0.6319132089240855,0.7851563082034269,0.018542598036474015,0.005737026452721144,0.10180649498512699,0.08349263938072765,0.12729721198303318,0.4377524116379962,0.6493042400897926,1.2132187127590828
809,12.684829941379938,0.04572485977763309,1.2920807088699076,0.8604029339668186,0.6706501988522714,0.7160565979475618,0.025888854871876487,0.023885306006886466,0.020649677264786948,0.19151204921075266,0.06577270111044686,0.49090898642775127,0.42529070893998994,1.3258287731582814
876,12.72820753766171,0.04988434691228434,1.3119553782221138,0.8721569194604146,0.6848991240520803,0.7276381882816837,0.024187412481411076,0.021384725108785738,0.06894307388743642,0.18045725614959404,0.08965223812666698,0.40553595326304354,0.42856577007631635,1.3748315341440622
719,12.730604234652347,0.03239222934226512,0.6210742544615034,0.8492227823552043,0.6597574665216134,0.7818438633646648,0.032121664166390375,0.04624419915094261,0.04653258036268317,0.18996367889572313,0.19847686232245682,0.4668823681549752,0.4135449129021048,1.2341961913842219
765,12.770322636068105,0.035787936070305455,1.4708704418678575,0.838320781306723,0.6612493780200807,0.7847796992341989,0.03144546906431163,0.04607377612035742,0.010094255945298329,0.18316726502872419,0.062422288233987065,0.445963183175558,0.6979047258879593,1.4191070261575713
733,12.786474874012935,0.03647595293340715,0.8608542914073857,0.8488955919262328,0.6613601847452188,0.727449778223221,0.032560568772356975,0.020991395116734902,0.018703804750725844,0.19932445659560022,0.05555167549539741,0.46360589774259126,0.7310276737083492,1.2939161072657552
376,12.812897933283443,0.02602350366808027,0.6216058047203197,0.8423066332639313,0.6410502072550212,0.7689772316920831,0.03202405860724709,0.0051970805262940515,0.043806278116573276,0.08879363698806847,0.21240487174588701,0.45915696581417653,0.6458280304724467,1.2017896241397774
551,12.856627866682677,0.028214445588121497,0.6426802913451911,0.8674541616337846,0.6289191262238283,0.7836922403015271,0.018663339945065287,0.015934013313812112,0.1025433642733122,0.04816389413032764,0.41745826533177066,0.5525876785228285,0.4007934136276553,1.214212385754872
303,12.885033879308782,0.02907368207436234,0.6261538931922809,0.866409270606088,0.6587626189391625,0.7635246513408761,0.026823096737767806,0.028104108884708205,0.09895194512261242,0.05700717835522943,0.40065407273426407,0.5485721071886623,0.5557507928466527,1.2293819024910613
737,12.95079288206976,0.03680274278201739,1.003414755895031,0.8437430487258298,0.6605807561158119,0.7160554413579039,0.03233580142207004,0.022665399890129792,0.01619298925304785,0.19442615083944273,0.19531943788527087,0.4656395879617399,0.7379442879713216,1.3024474645540258
709,12.955478267572284,0.032374821522622645,1.165456995095131,0.8455771511353349,0.6253329816908668,0.7805879216933358,0.048842696694165515,0.01614101199406401,0.016582979767747766,0.1998354703426345,0.14035009978984966,0.4651059701699827,0.41595273470829475,1.2336187747115444
307,12.991338288501755,0.030781621167762938,0.6954847225343148,0.8682780277553542,0.6589611095768395,0.7650186799430614,0.01968776701406805,0.03857451870441388,0.0563092192934917,0.05764972713008187,0.4589118493691469,0.48848437896950514,0.5542996689131342,1.2233868512853783
597,12.999589302315917,0.028036642323414296,0.6759875085906664,0.878563747922732,0.6427747672111664,0.7842399700506624,0.04645974990057852,0.03759937759297145,0.01803315080877802,0.05327279072013865,0.14952236128021204,0.4382798823568406,0.6812434584968478,1.1905838548961902
605,13.00426517096264,0.030062857031739092,0.9208324477282358,0.8824453759036072,0.678576352082561,0.78449326285083,0.017370727183397,0.037479649895067566,0.09312869981814799,0.06201417778211386,0.19133642559045513,0.43804254295109746,0.40034544397720223,1.1842853952830033
805,13.008487904518905,0.044766054160667895,1.3557218164382763,0.8615975771022125,0.7568762829498609,0.7190422798287673,0.026446045998142605,0.01983090271607105,0.020532820919007943,0.19101931807426406,0.07357432787969752,0.38634006289997036,0.4261918215638938,1.337001212367694
385,13.044496607432478,0.02545252102506708,1.0114786676084841,0.8421255001580777,0.6555178417773481,0.7203909535271272,0.022124806284102648,0.049680338716738194,0.04696783624561128,0.09558832684679505,0.3137283287351357,0.46016391350319114,0.6634700138973222,1.196494499031376
753,13.068840277469016,0.03726359251762566,1.3649513610942425,0.8370299590889758,0.662095358964079,0.78547970530454,0.04976205352392979,0.016335585038140532,0.08119500641506795,0.18868320381641504,0.1908990938712058,0.46797135944413554,0.4129957878039968,1.2960794172265704
701,13.070702144895929,0.031210657971436878,0.8713215339526452,0.847696996134326,0.6265319233814733,0.7804886969119186,0.04765259213623269,0.045481781917171525,0.0791013403703926,0.19024852062341105,0.23766640658386218,0.4663233204160526,0.4130189520201751,1.2347153766445431
696,13.101456135059829,0.03210800607480742,1.2318407266931932,0.8473966946722574,0.6250303752683481,0.7814437280914813,0.031959943767365814,0.04601912982653014,0.04502181835638824,0.19550873016689863,0.05095829241900897,0.4311613215850545,0.687544841903758,1.436486680933267
432,13.104637656031757,0.03420177876625478,1.5558989602466333,0.829601840994022,0.6195072111899632,0.6990263562245477,0.03301214127101132,0.04848412831011431,0.034238109315403956,0.09600078999756348,0.4702522047584294,0.5101762883166069,0.4299964273479851,1.2719429242242386
319,13.104888961912335,0.03082015088092027,0.698765848094647,0.8855063061721128,0.6879011301524721,0.7727799790453826,0.030186538267812188,0.04722225643464424,0.09948198917427635,0.058892898183080244,0.3027125219983606,0.3380083542677236,0.5566572269397284,1.1931269043138677
729,13.131217555357221,0.035642942313840534,0.9995096100598261,0.8476177758185433,0.6613681119852517,0.779226085996132,0.03268305045059059,0.0072004367877642255,0.11311995042304589,0.19294868427673767,0.053496400285492685,0.46626969916615324,0.4147074080156473,1.2314033837904703
546,13.142973883919854,0.028025607105607076,0.9011810575707995,0.8682191958632395,0.632060026063524,0.7861816819427881,0.04822146866756022,0.016177401506876576,0.08627237879970004,0.08471274659760514,0.4161431844630975,0.33017046879825673,0.5610260335401193,1.2191360527176192
918,13.162889689490097,0.04805332693953165,1.2497750086050725,0.8867322120766986,0.6782357957508145,0.703785091036697,0.022383531266764643,0.023535776764600946,0.07968419390161934,0.11446496920273713,0.07915393524454603,0.42951912004107845,0.4467962177967627,1.4985978655040009
380,13.163570004327827,0.024251411082625737,0.6275659875396831,0.8411345312474435,0.6315654718392095,0.7680010873882595,0.03337485958941135,0.04898626005822061,0.04772486547081674,0.08690653202002403,0.30366829179448007,0.47701051918136,0.6341511987609039,1.2399086368169931
638,13.212238419623283,0.03955032281856488,1.1316192847027007,0.8891918040894619,0.6381250655775382,0.7951041288672939,0.016667070667666966,0.014739694133157163,0.09409845064091657,0.19018566469535478,0.20674170950903378,0.45952057890909676,0.41186917434778325,1.2552341660070252
793,13.270566065101157,0.04401272677265388,1.2841629273525959,0.8605632841670143,0.6664216010414428,0.7857925509512625,0.025383332892015616,0.022927945840251027,0.01116896075689751,0.18743447124529822,0.07215984202146018,0.44478514086429655,0.4004300406967866,1.3301969111343797
684,13.326149750065742,0.023788358363469247,0.9085818872540057,0.8509964563625301,0.6238796576207559,0.7977489477914447,0.03223265689113515,0.016400176162976187,0.023170863817047686,0.0781456203080369,0.16717181947392834,0.42584039344018876,0.727411434232352,1.236597041217311
791,13.342367898607051,0.0441736268074344,0.8157601449417038,0.8618457997558958,0.665669464144495,0.7313652168804977,0.02616336010227816,0.01918575055340295,0.010976549640616291,0.19153066977562655,0.07668976582735643,0.44718242683286247,0.4423887164686504,1.3205642047555917
502,13.391302514517626,0.028118772372405128,0.9889827067910688,0.8578616502057121,0.6304491330463574,0.7754244888671117,0.019905696717189655,0.04657327282789586,0.025656519320254763,0.1574928630258502,0.19669693618602968,0.5275160700025717,0.4005119651499657,1.1551683366033556
322,13.465270004143512,0.030351516487291338,0.628558877742642,0.8714661150786853,0.6445795123330408,0.7719858797255141,0.019449871828283487,0.038331033729718085,0.09827595477417374,0.05713470839743301,0.40801133329904504,0.49028362270361525,0.5537329985852811,1.309119959462788
834,13.469097272778143,0.04111736945108653,1.5045756917214366,0.8657985883514518,0.6716154534217414,0.7148005980109917,0.026023253845000413,0.023537923793937553,0.020951022788438807,0.06566961291581234,0.07515354887026868,0.3909560429103688,0.42260698141613107,1.3535081385917331
852,13.50725354788516,0.04097243751228416,1.307039180953136,0.854232678718469,0.7712279579406272,0.7283359296689818,0.026987336378807625,0.02209749624437625,0.12171211182830158,0.17831362210309937,0.08325619773962231,0.43334892218591153,0.741522501748379,1.3698695440768154
885,13.535729539190818,0.05229807716703295,1.2676050757468813,0.8757014025603097,0.6859029147060799,0.730618772766832,0.024180088371730836,0.021466326890540316,0.06963156657830125,0.17314855846243804,0.08883470169997998,0.4719206408380706,0.45220905168697145,1.4072898882761897
771,13.545243798277438,0.03782324059088685,0.8564463819139193,0.8358876449440327,0.6642970750016192,0.7332752583655597,0.03067153780216412,0.019967546909157585,0.01840691624702695,0.18624834422411865,0.07161766417338658,0.44758864814251137,0.43877740971537776,1.412581279370659
712,13.567205178232598,0.031428391833924624,0.6213843275763652,0.8482801258264369,0.6270928303998201,0.7810017169399205,0.03260193237152996,0.02188050140769219,0.050495859020015625,0.19613683112661648,0.21807871257437383,0.4657173498047963,0.4148261982094389,1.2323342217769764
373,13.569212497341322,0.025165856488763266,0.6150246533181452,0.8437540529324081,0.6298051235584379,0.767324460551011,0.03254922737292326,0.005241301499928131,0.054164425623285876,0.0879746150216287,0.3037363560578946,0.5108637012062823,0.5797881646513389,1.198664191277108
596,13.57216289309219,0.028015613608490662,1.1858028965265535,0.878250330146554,0.639458987004015,0.7840213585142702,0.046197868003871476,0.014907431328357215,0.08721744799996425,0.05263374826597822,0.4378016638269986,0.4375782520091203,0.7461189434280346,1.1904252359827263
726,13.578068994063857,0.0320297928973033,1.0000611424074208,0.8457743784926836,0.6601849628730209,0.7807897854159187,0.032217019833648775,0.04561318201194755,0.016275772979746837,0.19510166028109494,0.05367585435949632,0.3987290920064533,0.41566442554812055,1.2285389084338099
553,13.579267155260098,0.02779180230549853,0.6449481067184392,0.8665035109497387,0.6290234327640578,0.7660703536931412,0.018560302248187378,0.03797454740828026,0.10184671010692224,0.04809730911354231,0.1706203865982341,0.43921319641269885,0.5652034847330577,1.219780645630752
911,13.592933543186856,0.047432968867817685,1.2404145765888985,0.8773046496662135,0.6918875816574754,0.7343262404316047,0.022355720305525413,0.023130451070479487,0.07703803904456152,0.16936180680880994,0.10868773040750519,0.3727160934480909,0.41076186480873883,1.4457686489305277
718,13.628668032995574,0.0323131265273928,0.6120321543692697,0.8456184243107986,0.6247180047889913,0.7807592061008869,0.03169286284523252,0.0460588696055229,0.014952753509574639,0.19660037024036842,0.1913931513408643,0.4679613074221725,0.4103480559479027,1.225523903448024
802,13.634812466106803,0.041429759113806336,1.3341382200417164,0.860291820017324,0.669457524614845,0.7241150435803319,0.03358310443405415,0.022488440054488856,0.11365901096135819,0.18618839105011029,0.06287330932677965,0.4496705200288068,0.4415553183187761,1.327819134400781
105,13.658345151870215,0.02732325901280775,0.600706013883357,0.8534561800739489,0.6859815203911779,0.7699137241387527,0.01950478974504589,0.00803374495814985,0.09663706234889348,0.06363359324661377,0.38446265785552747,0.4785640813274139,0.8949745231843725,1.146296475384338
116,13.680037811002862,0.02947955496911135,0.6804730504201215,0.8810516505774708,0.6987567655963112,0.769278597365784,0.01905917009910281,0.03833755552872366,0.09433873490566298,0.02527519215671987,0.478429144538589,0.2432956842122881,0.46506318441341854,1.1428226096662928
759,13.68787369939886,0.0378336169125324,0.8957781375812881,0.8384564063841984,0.6623270354535137,0.7388506162289386,0.01486175633856149,0.01570377517151576,0.01660589707598483,0.18608900104163537,0.22150942403076182,0.4451371793294405,0.6606907975901061,1.2971975805645877
118,13.688154794835528,0.031101883450525288,0.8015677252074738,0.8695101960379199,0.764859148558484,0.7672994261509103,0.017691136148294134,0.03236884055654285,0.090662566157165,0.062065195399289376,0.3921854612472478,0.4722427303675374,0.5111402594484483,1.1292747477686857
884,13.700111876816635,0.0535073813092393,1.310184709822339,0.8734169600204118,0.6834248109974881,0.7290965498454218,0.024168419678737455,0.021931937173424083,0.029934050795897574,0.18024200607536087,0.09372376200371987,0.4043044990062469,0.4244941640502863,1.4738993020999764
866,13.703883625406867,0.04044641100196041,1.2514636970863362,0.8740168678401343,0.7761628778727558,0.7194577897958946,0.027602547009232068,0.021731511281303018,0.0673122781298129,0.18173895203503246,0.09307032060180281,0.43605505112056825,0.4261914169120943,1.4743706722068532
716,13.723504734633664,0.031826389716270304,0.9976250841028766,0.8445149789099515,0.6250299289216756,0.7367438702814799,0.03224784257480441,0.03549598184971452,0.01634325817035441,0.19034803489225932,0.059127516051996204,0.4666115693953607,0.41391230463915163,1.2954096648577578
804,13.730279758371776,0.04385092320576928,1.3391153904687956,0.8636087351682866,0.6708237642936926,0.7146673611778562,0.021836945805666048,0.023618332850871563,0.11537987358412785,0.19207916735547279,0.07098477153929861,0.3821311725061957,0.4248736250915918,1.3287366914952201
584,13.749889876978145,0.029073326078456155,0.6764522092315207,0.8701485359379806,0.6784735513217062,0.7825677263821372,0.017211960729827856,0.03643862235344912,0.011364694140736962,0.05106805391390776,0.3369964704484105,0.4569661887806671,0.474484485622761,1.1910203146622527
572,13.758080578745044,0.02763871905424506,1.2696553731633236,0.8682645354496501,0.6710523408364266,0.7841951535788846,0.018277185079289528,0.00550420049549542,0.1012985911668366,0.06733547863122168,0.1799848987142647,0.5507701306605248,0.47561974050030403,1.118163351182933
895,13.772512205600624,0.053737080393145654,1.2674811580396874,0.8749577387790753,0.6821774193241047,0.7255064535812965,0.023494684200019142,0.022181902591563524,0.07549365786222798,0.07001259274394306,0.09411671952492531,0.40663498719535174,0.4550906547555221,1.4509809329438093
120,13.772762906823022,0.03195873014974902,0.6809771331405894,0.8789403083770276,0.6990455647592214,0.7695782914939787,0.018445707261206614,0.03825136511828732,0.08811263582430368,0.026333452145962204,0.38820361935602066,0.6076590565363973,0.508998654673961,1.1558696367209147
299,13.808314470674214,0.029793251216924412,0.6724230006003803,0.8660983744293672,0.6631936952180009,0.7626372799552934,0.008443754569617873,0.026555977735117045,0.09816635210446287,0.05826519701404339,0.3926664682350347,0.46526712411000476,0.5553948332894351,1.224640538114465
578,13.832219725825261,0.02788631816366454,0.6735248567002137,0.8712548995241459,0.6973615503993797,0.7654402809112141,0.017296042647954597,0.036391921423162304,0.08724109851389872,0.06517126779921051,0.19007583888549878,0.3253719292640929,0.7443414367443492,1.1958253207506762
606,13.844864757355044,0.030019604601719492,0.9239710161223361,0.8815221938776361,0.6838754519435709,0.7894806063404894,0.04196923556320714,0.012612394868008692,0.08627109506446826,0.06120698766332892,0.20349258956020044,0.34794773434634074,0.680666841772508,1.1867313540473687
784,13.845489061922747,0.04413432275255842,0.875985035600755,0.8608291751941086,0.7438278367589373,0.7214117606919127,0.024951512702986275,0.023152714044706216,0.010342700360138518,0.185758471368068,0.07013763623517172,0.4468991478113125,0.4360104644376041,1.3383747277486389
340,13.858043772277654,0.030466525800262014,0.6228838804924355,0.8443054904841156,0.6511761750261691,0.7723140553027306,0.019074635896669214,0.04973103745856357,0.07140311321430094,0.08852653271392705,0.4135822219606533,0.5964244463606155,0.5512281833772612,1.3062346745158369
801,13.861189656720809,0.0454130827648936,1.0236283604017553,0.8631289153977839,0.6704522594791059,0.7220293557348794,0.04975076714368515,0.019802906073665173,0.02103992299487132,0.18337933492975345,0.06857705235106798,0.44041910762244796,0.4403066569582352,1.3219444890580416
366,13.88552523211811,0.02344009860660977,1.0067774309072266,0.8436007945631222,0.6531145157067177,0.7688945648791908,0.0349122018815735,0.005115938912809154,0.09550857538234918,0.08707804850607055,0.4325359491302893,0.5124851564203423,0.7738727470963003,1.2031532566707241
