partnership,1970,1980,1985,1990,1995,2000,2005,2010,2015,2020,2025
"(0,0)",0,0,0,0,0.05,0.10,0.15,0.15,0.15,0.20,0.20
"(0,1)",0,0,0,0.1,0.5,0.6,0.7,0.75,0.80,0.90,0.92
"(0,2)",0,0,0,0.1,0.5,0.6,0.7,0.75,0.80,0.90,0.92
"(1,0)",0,0,0,0.1,0.5,0.6,0.7,0.75,0.80,0.90,0.92
"(1,1)",0,0,0,0.1,0.5,0.6,0.7,0.8,0.9,0.95,0.97
"(1,2)",0,0,0,0.1,0.5,0.6,0.7,0.75,0.80,0.90,0.92
"(2,0)",0,0,0,0.1,0.5,0.6,0.7,0.75,0.80,0.90,0.92
"(2,1)",0,0,0,0.1,0.5,0.6,0.7,0.75,0.80,0.90,0.92
"(2,2)",0,0,0,0.1,0.5,0.6,0.7,0.8,0.9,0.95,0.97
"(fsw,client)",0,0,0,0.1,0.75,0.8,0.85,0.8,0.95,0.95,0.97
