Time,Sex,AgeStart,Value
1990,Male,0,0.12016545
1990,Female,0,0.10324135
1990,Male,1,0.04079792
1990,Female,1,0.03857072
1990,Male,2,0.02494653
1990,Female,2,0.02368955
1990,Male,3,0.0166005
1990,Female,3,0.01571633
1990,Male,4,0.01119918
1990,Female,4,0.01049762
1990,Male,5,0.00816236
1990,Female,5,0.00761241
1990,Male,6,0.00655684
1990,Female,6,0.00608236
1990,Male,7,0.00538452
1990,Female,7,0.00503234
1990,Male,8,0.00460858
1990,Female,8,0.00432544
1990,Male,9,0.00409292
1990,Female,9,0.00387245
1990,Male,10,0.00374501
1990,Female,10,0.00361892
1990,Male,11,0.00349514
1990,Female,11,0.00348802
1990,Male,12,0.00345499
1990,Female,12,0.0034728
1990,Male,13,0.00350309
1990,Female,13,0.00351095
1990,Male,14,0.00363627
1990,Female,14,0.00365339
1990,Male,15,0.00381819
1990,Female,15,0.00383708
1990,Male,16,0.00409346
1990,Female,16,0.00410554
1990,Male,17,0.00446868
1990,Female,17,0.00438034
1990,Male,18,0.00483614
1990,Female,18,0.00471039
1990,Male,19,0.0053495
1990,Female,19,0.00504424
1990,Male,20,0.0059029
1990,Female,20,0.00542502
1990,Male,21,0.00639631
1990,Female,21,0.00582524
1990,Male,22,0.00681743
1990,Female,22,0.00622585
1990,Male,23,0.00713796
1990,Female,23,0.00660191
1990,Male,24,0.00740608
1990,Female,24,0.0069727
1990,Male,25,0.00762156
1990,Female,25,0.00734795
1990,Male,26,0.00781592
1990,Female,26,0.00766732
1990,Male,27,0.00803124
1990,Female,27,0.00795657
1990,Male,28,0.0082667
1990,Female,28,0.00827074
1990,Male,29,0.00849505
1990,Female,29,0.00845145
1990,Male,30,0.00886128
1990,Female,30,0.00878517
1990,Male,31,0.00906586
1990,Female,31,0.00893409
1990,Male,32,0.009507
1990,Female,32,0.00926094
1990,Male,33,0.00986263
1990,Female,33,0.00952205
1990,Male,34,0.01022455
1990,Female,34,0.00981449
1990,Male,35,0.01069449
1990,Female,35,0.01008464
1990,Male,36,0.01109129
1990,Female,36,0.01037097
1990,Male,37,0.01146325
1990,Female,37,0.01061188
1990,Male,38,0.01190073
1990,Female,38,0.01095739
1990,Male,39,0.01225526
1990,Female,39,0.0111431
1990,Male,40,0.01281637
1990,Female,40,0.01153078
1990,Male,41,0.01300516
1990,Female,41,0.01152839
1990,Male,42,0.0136073
1990,Female,42,0.01191696
1990,Male,43,0.01390662
1990,Female,43,0.01198757
1990,Male,44,0.01439499
1990,Female,44,0.01221134
1990,Male,45,0.01498484
1990,Female,45,0.01250521
1990,Male,46,0.01539113
1990,Female,46,0.01274787
1990,Male,47,0.01601961
1990,Female,47,0.01306433
1990,Male,48,0.01684161
1990,Female,48,0.01366724
1990,Male,49,0.01759581
1990,Female,49,0.01422111
1990,Male,50,0.0186924
1990,Female,50,0.01515242
1990,Male,51,0.01923745
1990,Female,51,0.01557862
1990,Male,52,0.02038847
1990,Female,52,0.01657666
1990,Male,53,0.02115326
1990,Female,53,0.01723565
1990,Male,54,0.02208807
1990,Female,54,0.0180962
1990,Male,55,0.02302491
1990,Female,55,0.01893182
1990,Male,56,0.02408115
1990,Female,56,0.0199133
1990,Male,57,0.02520557
1990,Female,57,0.02090947
1990,Male,58,0.02686392
1990,Female,58,0.0224661
1990,Male,59,0.02858635
1990,Female,59,0.02402826
1990,Male,60,0.03113864
1990,Female,60,0.02651896
1990,Male,61,0.03281849
1990,Female,61,0.0279404
1990,Male,62,0.03571642
1990,Female,62,0.0307394
1990,Male,63,0.03832735
1990,Female,63,0.03326024
1990,Male,64,0.04117398
1990,Female,64,0.0360787
1990,Male,65,0.04432018
1990,Female,65,0.0392618
1990,Male,66,0.04695944
1990,Female,66,0.04161373
1990,Male,67,0.05022154
1990,Female,67,0.04451994
1990,Male,68,0.05398487
1990,Female,68,0.0480843
1990,Male,69,0.05785519
1990,Female,69,0.05147028
1990,Male,70,0.06363852
1990,Female,70,0.05705585
1990,Male,71,0.06733902
1990,Female,71,0.05987699
1990,Male,72,0.07407859
1990,Female,72,0.06585673
1990,Male,73,0.07986555
1990,Female,73,0.07064939
1990,Male,74,0.08648283
1990,Female,74,0.0761337
1990,Male,75,0.09374784
1990,Female,75,0.08223689
1990,Male,76,0.10088294
1990,Female,76,0.08758928
1990,Male,77,0.1086072
1990,Female,77,0.09348915
1990,Male,78,0.11813718
1990,Female,78,0.10124229
1990,Male,79,0.1267692
1990,Female,79,0.10755787
1990,Male,80,0.13803666
1990,Female,80,0.11639978
1990,Male,81,0.14697587
1990,Female,81,0.12292877
1990,Male,82,0.16217707
1990,Female,82,0.13670741
1990,Male,83,0.17570947
1990,Female,83,0.1483878
1990,Male,84,0.19174091
1990,Female,84,0.16241701
1990,Male,85,0.20564485
1990,Female,85,0.17536137
1990,Male,86,0.22152873
1990,Female,86,0.18874198
1990,Male,87,0.23720415
1990,Female,87,0.20244919
1990,Male,88,0.25467226
1990,Female,88,0.21812961
1990,Male,89,0.27096447
1990,Female,89,0.23213051
1990,Male,90,0.29202639
1990,Female,90,0.25378755
1990,Male,91,0.30579687
1990,Female,91,0.2647557
1990,Male,92,0.32812946
1990,Female,92,0.28651708
1990,Male,93,0.34833301
1990,Female,93,0.3053313
1990,Male,94,0.37048369
1990,Female,94,0.32633839
1990,Male,95,0.39609527
1990,Female,95,0.34942599
1990,Male,96,0.4179946
1990,Female,96,0.37032467
1990,Male,97,0.4391441
1990,Female,97,0.39082197
1990,Male,98,0.45941704
1990,Female,98,0.41077341
1990,Male,99,0.48540231
1990,Female,99,0.43595619
1990,Male,100,0.53729649
1990,Female,100,0.4909194
2000,Male,0,0.10483837
2000,Female,0,0.0888424
2000,Male,1,0.03046577
2000,Female,1,0.02893056
2000,Male,2,0.01943445
2000,Female,2,0.01811233
2000,Male,3,0.01305081
2000,Female,3,0.01182294
2000,Male,4,0.00901956
2000,Female,4,0.00784715
2000,Male,5,0.0065537
2000,Female,5,0.00563605
2000,Male,6,0.00537994
2000,Female,6,0.00454055
2000,Male,7,0.00454831
2000,Female,7,0.00388226
2000,Male,8,0.00395265
2000,Female,8,0.00340127
2000,Male,9,0.00354034
2000,Female,9,0.00311649
2000,Male,10,0.00330374
2000,Female,10,0.00295164
2000,Male,11,0.00318751
2000,Female,11,0.00287545
2000,Male,12,0.00320343
2000,Female,12,0.00293883
2000,Male,13,0.00330415
2000,Female,13,0.00309287
2000,Male,14,0.00352061
2000,Female,14,0.00333264
2000,Male,15,0.00382428
2000,Female,15,0.0036778
2000,Male,16,0.00417399
2000,Female,16,0.00403604
2000,Male,17,0.0046957
2000,Female,17,0.00451529
2000,Male,18,0.00521044
2000,Female,18,0.00503506
2000,Male,19,0.00580737
2000,Female,19,0.00560218
2000,Male,20,0.00648829
2000,Female,20,0.00626113
2000,Male,21,0.007141
2000,Female,21,0.0068562
2000,Male,22,0.00777075
2000,Female,22,0.00760023
2000,Male,23,0.00832497
2000,Female,23,0.00835194
2000,Male,24,0.00883781
2000,Female,24,0.00911613
2000,Male,25,0.00934387
2000,Female,25,0.00990143
2000,Male,26,0.00978898
2000,Female,26,0.01067442
2000,Male,27,0.01030305
2000,Female,27,0.01141804
2000,Male,28,0.01080784
2000,Female,28,0.01207489
2000,Male,29,0.01129701
2000,Female,29,0.01266456
2000,Male,30,0.01196386
2000,Female,30,0.013282
2000,Male,31,0.01241136
2000,Female,31,0.01370904
2000,Male,32,0.01311491
2000,Female,32,0.01437019
2000,Male,33,0.01375182
2000,Female,33,0.01491909
2000,Male,34,0.01442977
2000,Female,34,0.01553552
2000,Male,35,0.01519873
2000,Female,35,0.01619648
2000,Male,36,0.01585488
2000,Female,36,0.01670431
2000,Male,37,0.01650122
2000,Female,37,0.01717007
2000,Male,38,0.01712532
2000,Female,38,0.01764703
2000,Male,39,0.01766725
2000,Female,39,0.01794695
2000,Male,40,0.01842896
2000,Female,40,0.01840831
2000,Male,41,0.01872305
2000,Female,41,0.01850438
2000,Male,42,0.01940899
2000,Female,42,0.01882029
2000,Male,43,0.01984053
2000,Female,43,0.01898835
2000,Male,44,0.02045683
2000,Female,44,0.01930744
2000,Male,45,0.02117879
2000,Female,45,0.01974052
2000,Male,46,0.02171093
2000,Female,46,0.02009986
2000,Male,47,0.02244987
2000,Female,47,0.02056278
2000,Male,48,0.02338996
2000,Female,48,0.0212964
2000,Male,49,0.02423261
2000,Female,49,0.02199388
2000,Male,50,0.02548168
2000,Female,50,0.02300719
2000,Male,51,0.02606298
2000,Female,51,0.02356421
2000,Male,52,0.02722179
2000,Female,52,0.02456806
2000,Male,53,0.02800241
2000,Female,53,0.02532611
2000,Male,54,0.02896342
2000,Female,54,0.02627143
2000,Male,55,0.03003163
2000,Female,55,0.02727237
2000,Male,56,0.03106668
2000,Female,56,0.02837763
2000,Male,57,0.03230435
2000,Female,57,0.0295597
2000,Male,58,0.03406064
2000,Female,58,0.03120298
2000,Male,59,0.03597965
2000,Female,59,0.03293761
2000,Male,60,0.03886552
2000,Female,60,0.03543702
2000,Male,61,0.04076634
2000,Female,61,0.0372923
2000,Male,62,0.04383103
2000,Female,62,0.04017078
2000,Male,63,0.0466071
2000,Female,63,0.04299843
2000,Male,64,0.04963493
2000,Female,64,0.04615248
2000,Male,65,0.05291534
2000,Female,65,0.04970027
2000,Male,66,0.05550086
2000,Female,66,0.05199246
2000,Male,67,0.05853781
2000,Female,67,0.05471493
2000,Male,68,0.06208121
2000,Female,68,0.0579968
2000,Male,69,0.06580747
2000,Female,69,0.06121641
2000,Male,70,0.07145071
2000,Female,70,0.06619965
2000,Male,71,0.07507678
2000,Female,71,0.06908727
2000,Male,72,0.0815076
2000,Female,72,0.074471
2000,Male,73,0.08709336
2000,Female,73,0.07890963
2000,Male,74,0.09344313
2000,Female,74,0.08393452
2000,Male,75,0.10048698
2000,Female,75,0.08945713
2000,Male,76,0.10733766
2000,Female,76,0.0942581
2000,Male,77,0.11488608
2000,Female,77,0.09949655
2000,Male,78,0.12415966
2000,Female,78,0.10639058
2000,Male,79,0.13259068
2000,Female,79,0.11185849
2000,Male,80,0.14379348
2000,Female,80,0.11968633
2000,Male,81,0.15297987
2000,Female,81,0.12642487
2000,Male,82,0.16831867
2000,Female,82,0.1404151
2000,Male,83,0.18203108
2000,Female,83,0.15232147
2000,Male,84,0.19816163
2000,Female,84,0.16659037
2000,Male,85,0.21229568
2000,Female,85,0.17978751
2000,Male,86,0.22819103
2000,Female,86,0.19340731
2000,Male,87,0.24398846
2000,Female,87,0.20740752
2000,Male,88,0.26155235
2000,Female,88,0.22337506
2000,Male,89,0.2779049
2000,Female,89,0.23766725
2000,Male,90,0.29908943
2000,Female,90,0.2596108
2000,Male,91,0.31286169
2000,Female,91,0.27092806
2000,Male,92,0.33512558
2000,Female,92,0.29295823
2000,Male,93,0.35535027
2000,Female,93,0.31206537
2000,Male,94,0.37745539
2000,Female,94,0.33335847
2000,Male,95,0.40307728
2000,Female,95,0.35668843
2000,Male,96,0.42488315
2000,Female,96,0.37787331
2000,Male,97,0.44585577
2000,Female,97,0.39867278
2000,Male,98,0.46587281
2000,Female,98,0.41894311
2000,Male,99,0.49201521
2000,Female,99,0.44432228
2000,Male,100,0.54349648
2000,Female,100,0.49928222
2010,Male,0,0.0617689
2010,Female,0,0.05099824
2010,Male,1,0.01229664
2010,Female,1,0.01150757
2010,Male,2,0.00787837
2010,Female,2,0.00710702
2010,Male,3,0.00537382
2010,Female,3,0.00471194
2010,Male,4,0.00380863
2010,Female,4,0.00325288
2010,Male,5,0.00281881
2010,Female,5,0.00240388
2010,Male,6,0.00235795
2010,Female,6,0.00197648
2010,Male,7,0.00204488
2010,Female,7,0.00171967
2010,Male,8,0.00180784
2010,Female,8,0.00152992
2010,Male,9,0.00164387
2010,Female,9,0.00142059
2010,Male,10,0.00155985
2010,Female,10,0.00136126
2010,Male,11,0.00154208
2010,Female,11,0.00133888
2010,Male,12,0.0015753
2010,Female,12,0.00138676
2010,Male,13,0.00166026
2010,Female,13,0.00149572
2010,Male,14,0.0018192
2010,Female,14,0.00165457
2010,Male,15,0.00204138
2010,Female,15,0.00188111
2010,Male,16,0.0023052
2010,Female,16,0.00210471
2010,Male,17,0.00265507
2010,Female,17,0.00237728
2010,Male,18,0.00301144
2010,Female,18,0.00267395
2010,Male,19,0.00334269
2010,Female,19,0.00296755
2010,Male,20,0.00370059
2010,Female,20,0.00329154
2010,Male,21,0.00404721
2010,Female,21,0.00355813
2010,Male,22,0.00438858
2010,Female,22,0.00391237
2010,Male,23,0.00469608
2010,Female,23,0.0042671
2010,Male,24,0.00498522
2010,Female,24,0.00463059
2010,Male,25,0.00528125
2010,Female,25,0.00500923
2010,Male,26,0.00555372
2010,Female,26,0.00540122
2010,Male,27,0.00586963
2010,Female,27,0.0057865
2010,Male,28,0.00619128
2010,Female,28,0.00612965
2010,Male,29,0.00651527
2010,Female,29,0.00649244
2010,Male,30,0.00693365
2010,Female,30,0.00684193
2010,Male,31,0.00724616
2010,Female,31,0.00711493
2010,Male,32,0.00770785
2010,Female,32,0.00752662
2010,Male,33,0.00814709
2010,Female,33,0.0078855
2010,Male,34,0.00863338
2010,Female,34,0.00828537
2010,Male,35,0.00917404
2010,Female,35,0.00874879
2010,Male,36,0.00966182
2010,Female,36,0.00912044
2010,Male,37,0.010182
2010,Female,37,0.00948937
2010,Male,38,0.01069734
2010,Female,38,0.0098786
2010,Male,39,0.01117936
2010,Female,39,0.01021005
2010,Male,40,0.01180332
2010,Female,40,0.01059675
2010,Male,41,0.01217118
2010,Female,41,0.01086647
2010,Male,42,0.01278047
2010,Female,42,0.01120113
2010,Male,43,0.01326743
2010,Female,43,0.01151546
2010,Male,44,0.01386603
2010,Female,44,0.01188677
2010,Male,45,0.01456404
2010,Female,45,0.01234649
2010,Male,46,0.01515866
2010,Female,46,0.01277111
2010,Male,47,0.01588606
2010,Female,47,0.01327684
2010,Male,48,0.0167376
2010,Female,48,0.01390317
2010,Male,49,0.01755847
2010,Female,49,0.01453706
2010,Male,50,0.01865506
2010,Female,50,0.0153116
2010,Male,51,0.01932075
2010,Female,51,0.01587252
2010,Male,52,0.02038226
2010,Female,52,0.01667429
2010,Male,53,0.02123096
2010,Female,53,0.0173512
2010,Male,54,0.02220614
2010,Female,54,0.01814743
2010,Male,55,0.02327547
2010,Female,55,0.01900205
2010,Male,56,0.02433924
2010,Female,56,0.01994701
2010,Male,57,0.02556676
2010,Female,57,0.02096041
2010,Male,58,0.02714762
2010,Female,58,0.02222835
2010,Male,59,0.02884723
2010,Female,59,0.02359192
2010,Male,60,0.03127918
2010,Female,60,0.02537725
2010,Male,61,0.03300544
2010,Female,61,0.02694357
2010,Male,62,0.03561507
2010,Female,62,0.02908205
2010,Male,63,0.0380138
2010,Female,63,0.03126003
2010,Male,64,0.04063191
2010,Female,64,0.03369409
2010,Male,65,0.04348693
2010,Female,65,0.03644826
2010,Male,66,0.04648105
2010,Female,66,0.03901002
2010,Male,67,0.04999246
2010,Female,67,0.04202144
2010,Male,68,0.05399888
2010,Female,68,0.0455314
2010,Male,69,0.05826587
2010,Female,69,0.04922385
2010,Male,70,0.06421981
2010,Female,70,0.05433201
2010,Male,71,0.06873199
2010,Female,71,0.05816931
2010,Male,72,0.07577145
2010,Female,72,0.06416893
2010,Male,73,0.08228333
2010,Female,73,0.06964842
2010,Male,74,0.08965377
2010,Female,74,0.07585181
2010,Male,75,0.09786182
2010,Female,75,0.08272872
2010,Male,76,0.10608862
2010,Female,76,0.08920708
2010,Male,77,0.11517948
2010,Female,77,0.09627112
2010,Male,78,0.12610325
2010,Female,78,0.10512981
2010,Male,79,0.13641708
2010,Female,79,0.11283078
2010,Male,80,0.14979555
2010,Female,80,0.12303593
2010,Male,81,0.15923737
2010,Female,81,0.12999323
2010,Male,82,0.17470391
2010,Female,82,0.1441978
2010,Male,83,0.18859427
2010,Female,83,0.15633418
2010,Male,84,0.20481507
2010,Female,84,0.17084505
2010,Male,85,0.21918339
2010,Female,85,0.18429843
2010,Male,86,0.23507965
2010,Female,86,0.19816018
2010,Male,87,0.25099708
2010,Female,87,0.21245947
2010,Male,88,0.26865273
2010,Female,88,0.22871944
2010,Male,89,0.28506167
2010,Female,89,0.24331022
2010,Male,90,0.30636634
2010,Female,90,0.26554406
2010,Male,91,0.32013809
2010,Female,91,0.27722505
2010,Male,92,0.34232547
2010,Female,92,0.2995309
2010,Male,93,0.36257341
2010,Female,93,0.31894603
2010,Male,94,0.38463642
2010,Female,94,0.340545
2010,Male,95,0.4102749
2010,Female,95,0.36413771
2010,Male,96,0.43199005
2010,Female,96,0.38563278
2010,Male,97,0.45278205
2010,Female,97,0.40675695
2010,Male,98,0.47253153
2010,Female,98,0.42736597
2010,Male,99,0.49882452
2010,Female,99,0.45295115
2010,Male,100,0.54986878
2010,Female,100,0.50790644
2020,Male,0,0.04736279
2020,Female,0,0.03834
2020,Male,1,0.00836147
2020,Female,1,0.00764372
2020,Male,2,0.00521205
2020,Female,2,0.00463212
2020,Male,3,0.00358951
2020,Female,3,0.00315344
2020,Male,4,0.00256865
2020,Female,4,0.00224418
2020,Male,5,0.00195107
2020,Female,5,0.00169703
2020,Male,6,0.00163714
2020,Female,6,0.00138881
2020,Male,7,0.00142302
2020,Female,7,0.00117881
2020,Male,8,0.00126094
2020,Female,8,0.00102963
2020,Male,9,0.00115321
2020,Female,9,0.00093526
2020,Male,10,0.00109458
2020,Female,10,0.00088546
2020,Male,11,0.00107679
2020,Female,11,0.0008673
2020,Male,12,0.00110156
2020,Female,12,0.00088344
2020,Male,13,0.00116761
2020,Female,13,0.00092909
2020,Male,14,0.00128981
2020,Female,14,0.00100318
2020,Male,15,0.00145789
2020,Female,15,0.00110531
2020,Male,16,0.00168007
2020,Female,16,0.0012227
2020,Male,17,0.00193449
2020,Female,17,0.00132952
2020,Male,18,0.00220511
2020,Female,18,0.00144241
2020,Male,19,0.00243032
2020,Female,19,0.00154058
2020,Male,20,0.00264631
2020,Female,20,0.00163651
2020,Male,21,0.00283577
2020,Female,21,0.00171901
2020,Male,22,0.0030023
2020,Female,22,0.00180941
2020,Male,23,0.00308012
2020,Female,23,0.00186709
2020,Male,24,0.00305865
2020,Female,24,0.00188401
2020,Male,25,0.00300383
2020,Female,25,0.00188327
2020,Male,26,0.00297036
2020,Female,26,0.00190328
2020,Male,27,0.00303468
2020,Female,27,0.0019693
2020,Male,28,0.00317131
2020,Female,28,0.0020775
2020,Male,29,0.00331951
2020,Female,29,0.00218072
2020,Male,30,0.0035195
2020,Female,30,0.00232175
2020,Male,31,0.00367044
2020,Female,31,0.00241243
2020,Male,32,0.00391837
2020,Female,32,0.00258501
2020,Male,33,0.00415203
2020,Female,33,0.0027395
2020,Male,34,0.00442185
2020,Female,34,0.00291434
2020,Male,35,0.00473853
2020,Female,35,0.00311523
2020,Male,36,0.00504455
2020,Female,36,0.00331814
2020,Male,37,0.00537662
2020,Female,37,0.00351909
2020,Male,38,0.00575303
2020,Female,38,0.00378373
2020,Male,39,0.00612808
2020,Female,39,0.00401629
2020,Male,40,0.00660824
2020,Female,40,0.0043283
2020,Male,41,0.00696028
2020,Female,41,0.00452581
2020,Male,42,0.00750234
2020,Female,42,0.00488257
2020,Male,43,0.00795512
2020,Female,43,0.0051313
2020,Male,44,0.00849786
2020,Female,44,0.00542971
2020,Male,45,0.00913554
2020,Female,45,0.00578866
2020,Male,46,0.00971492
2020,Female,46,0.00611782
2020,Male,47,0.0104127
2020,Female,47,0.00651475
2020,Male,48,0.01121242
2020,Female,48,0.00702456
2020,Male,49,0.01202978
2020,Female,49,0.00752342
2020,Male,50,0.01304035
2020,Female,50,0.00820672
2020,Male,51,0.01380319
2020,Female,51,0.00864493
2020,Male,52,0.01490991
2020,Female,52,0.00942118
2020,Male,53,0.01588122
2020,Female,53,0.01001385
2020,Male,54,0.01697603
2020,Female,54,0.01073453
2020,Male,55,0.01812258
2020,Female,55,0.01145604
2020,Male,56,0.0193797
2020,Female,56,0.0123061
2020,Male,57,0.02074359
2020,Female,57,0.01317232
2020,Male,58,0.02244975
2020,Female,58,0.01434497
2020,Male,59,0.02427821
2020,Female,59,0.01552133
2020,Male,60,0.02666047
2020,Female,60,0.01725879
2020,Male,61,0.02857047
2020,Female,61,0.01844394
2020,Male,62,0.03124662
2020,Female,62,0.02045183
2020,Male,63,0.0337625
2020,Female,63,0.02229656
2020,Male,64,0.03648315
2020,Female,64,0.02438301
2020,Male,65,0.03946543
2020,Female,65,0.02674949
2020,Male,66,0.04335989
2020,Female,66,0.02960304
2020,Male,67,0.04791022
2020,Female,67,0.03305985
2020,Male,68,0.05303085
2020,Female,68,0.0371132
2020,Male,69,0.05850988
2020,Female,69,0.04125652
2020,Male,70,0.06556583
2020,Female,70,0.04727205
2020,Male,71,0.07139948
2020,Female,71,0.05150623
2020,Male,72,0.07963713
2020,Female,72,0.05847852
2020,Male,73,0.08740937
2020,Female,73,0.06465887
2020,Male,74,0.09611162
2020,Female,74,0.07159905
2020,Male,75,0.10569715
2020,Female,75,0.07926912
2020,Male,76,0.11534904
2020,Female,76,0.08659022
2020,Male,77,0.12587387
2020,Female,77,0.09466527
2020,Male,78,0.13804141
2020,Female,78,0.10462099
2020,Male,79,0.14947809
2020,Female,79,0.11322331
2020,Male,80,0.16408725
2020,Female,80,0.12459544
2020,Male,81,0.17338673
2020,Female,81,0.13088476
2020,Male,82,0.18879937
2020,Female,82,0.14494736
2020,Male,83,0.20620385
2020,Female,83,0.1595252
2020,Male,84,0.23077274
2020,Female,84,0.17974548
2020,Male,85,0.2559513
2020,Female,85,0.20046309
2020,Male,86,0.28208852
2020,Female,86,0.22139477
2020,Male,87,0.30543007
2020,Female,87,0.2409268
2020,Male,88,0.32761446
2020,Female,88,0.26053225
2020,Male,89,0.34772826
2020,Female,89,0.27794049
2020,Male,90,0.37238449
2020,Female,90,0.3027135
2020,Male,91,0.3893387
2020,Female,91,0.31702199
2020,Male,92,0.4149482
2020,Female,92,0.3421325
2020,Male,93,0.43899779
2020,Female,93,0.36461251
2020,Male,94,0.46482501
2020,Female,94,0.38932746
2020,Male,95,0.49439959
2020,Female,95,0.41613624
2020,Male,96,0.52013369
2020,Female,96,0.44113562
2020,Male,97,0.54512553
2020,Female,97,0.46610857
2020,Male,98,0.56930793
2020,Female,98,0.49101629
2020,Male,99,0.60076614
2020,Female,99,0.52120949
2020,Male,100,0.65039671
2020,Female,100,0.57627188
2030,Male,0,0.03851366
2030,Female,0,0.02875396
2030,Male,1,0.00614559
2030,Female,1,0.00434898
2030,Male,2,0.00380397
2030,Female,2,0.00265401
2030,Male,3,0.00265469
2030,Female,3,0.00185353
2030,Male,4,0.00191219
2030,Female,4,0.00136333
2030,Male,5,0.00147429
2030,Female,5,0.00105482
2030,Male,6,0.00123018
2030,Female,6,0.0008688
2030,Male,7,0.00105997
2030,Female,7,0.00073669
2030,Male,8,0.00093573
2030,Female,8,0.00064357
2030,Male,9,0.0008549
2030,Female,9,0.00058353
2030,Male,10,0.00080588
2030,Female,10,0.00055284
2030,Male,11,0.00078481
2030,Female,11,0.00054348
2030,Male,12,0.00080024
2030,Female,12,0.0005537
2030,Male,13,0.00084783
2030,Female,13,0.00058271
2030,Male,14,0.00093319
2030,Female,14,0.00062954
2030,Male,15,0.00104856
2030,Female,15,0.00069322
2030,Male,16,0.00121314
2030,Female,16,0.00076926
2030,Male,17,0.00138664
2030,Female,17,0.00082966
2030,Male,18,0.00157114
2030,Female,18,0.00089191
2030,Male,19,0.00172113
2030,Female,19,0.00094056
2030,Male,20,0.00185237
2030,Female,20,0.00098264
2030,Male,21,0.00196219
2030,Female,21,0.00101904
2030,Male,22,0.0020498
2030,Female,22,0.00105473
2030,Male,23,0.00211333
2030,Female,23,0.00109088
2030,Male,24,0.0021633
2030,Female,24,0.00112985
2030,Male,25,0.00220397
2030,Female,25,0.00116616
2030,Male,26,0.00225099
2030,Female,26,0.00120972
2030,Male,27,0.00230508
2030,Female,27,0.00125677
2030,Male,28,0.00237516
2030,Female,28,0.0013131
2030,Male,29,0.00245397
2030,Female,29,0.00136598
2030,Male,30,0.00256269
2030,Female,30,0.0014427
2030,Male,31,0.00264622
2030,Female,31,0.00149053
2030,Male,32,0.00279584
2030,Female,32,0.00158823
2030,Male,33,0.00293006
2030,Female,33,0.00167552
2030,Male,34,0.00308025
2030,Female,34,0.00177224
2030,Male,35,0.00326312
2030,Female,35,0.00188517
2030,Male,36,0.00344193
2030,Female,36,0.0020067
2030,Male,37,0.00364008
2030,Female,37,0.00213021
2030,Male,38,0.0038786
2030,Female,38,0.00230176
2030,Male,39,0.00410869
2030,Female,39,0.0024554
2030,Male,40,0.00441267
2030,Female,40,0.00266499
2030,Male,41,0.00463259
2030,Female,41,0.00280299
2030,Male,42,0.00500125
2030,Female,42,0.00306408
2030,Male,43,0.005294
2030,Female,43,0.00324866
2030,Male,44,0.00565489
2030,Female,44,0.00346887
2030,Male,45,0.0060902
2030,Female,45,0.0037376
2030,Male,46,0.00648177
2030,Female,46,0.00398589
2030,Male,47,0.00697475
2030,Female,47,0.00429145
2030,Male,48,0.00755385
2030,Female,48,0.00468294
2030,Male,49,0.00816128
2030,Female,49,0.00507157
2030,Male,50,0.00891899
2030,Female,50,0.00561424
2030,Male,51,0.00949331
2030,Female,51,0.00596161
2030,Male,52,0.01035674
2030,Female,52,0.00660101
2030,Male,53,0.01110384
2030,Female,53,0.00708663
2030,Male,54,0.01194305
2030,Female,54,0.00768322
2030,Male,55,0.01279144
2030,Female,55,0.00827513
2030,Male,56,0.01376418
2030,Female,56,0.00898125
2030,Male,57,0.01478521
2030,Female,57,0.00969447
2030,Male,58,0.01608111
2030,Female,58,0.01067133
2030,Male,59,0.01742094
2030,Female,59,0.01163595
2030,Male,60,0.01920168
2030,Female,60,0.01311407
2030,Male,61,0.02059682
2030,Female,61,0.0140683
2030,Male,62,0.02271046
2030,Female,62,0.0157956
2030,Male,63,0.02470061
2030,Female,63,0.01734245
2030,Male,64,0.02687819
2030,Female,64,0.01910232
2030,Male,65,0.02931916
2030,Female,65,0.02112432
2030,Male,66,0.03286135
2030,Female,66,0.02375461
2030,Male,67,0.03710036
2030,Female,67,0.02702488
2030,Male,68,0.04184599
2030,Female,68,0.03088279
2030,Male,69,0.04689073
2030,Female,69,0.03483432
2030,Male,70,0.05344126
2030,Female,70,0.04063549
2030,Male,71,0.05897978
2030,Female,71,0.04478226
2030,Male,72,0.06698127
2030,Female,72,0.05166473
2030,Male,73,0.07467212
2030,Female,73,0.05795902
2030,Male,74,0.08333114
2030,Female,74,0.0652144
2030,Male,75,0.09291566
2030,Female,75,0.07333836
2030,Male,76,0.10269217
2030,Female,76,0.0812684
2030,Male,77,0.11342543
2030,Female,77,0.08997969
2030,Male,78,0.12599243
2030,Female,78,0.10079721
2030,Male,79,0.13816686
2030,Female,79,0.11070656
2030,Male,80,0.15353308
2030,Female,80,0.12333771
2030,Male,81,0.16328213
2030,Female,81,0.13065015
2030,Male,82,0.17860331
2030,Female,82,0.14480152
2030,Male,83,0.19256752
2030,Female,83,0.15708061
2030,Male,84,0.2086857
2030,Female,84,0.17165425
2030,Male,85,0.22331227
2030,Female,85,0.18530521
2030,Male,86,0.23913277
2030,Female,86,0.19936475
2030,Male,87,0.2551984
2030,Female,87,0.21397514
2030,Male,88,0.27294022
2030,Female,88,0.23049862
2030,Male,89,0.28951763
2030,Female,89,0.24553344
2030,Male,90,0.31088601
2030,Female,90,0.2678493
2030,Male,91,0.32499171
2030,Female,91,0.28035096
2030,Male,92,0.34704505
2030,Female,92,0.30283832
2030,Male,93,0.36743946
2030,Female,93,0.32269546
2030,Male,94,0.38952602
2030,Female,94,0.34467178
2030,Male,95,0.41514112
2030,Female,95,0.36853825
2030,Male,96,0.43701901
2030,Female,96,0.39065538
2030,Male,97,0.45795513
2030,Female,97,0.41251133
2030,Male,98,0.47783375
2030,Female,98,0.43396791
2030,Male,99,0.50452795
2030,Female,99,0.46004948
2030,Male,100,0.55823955
2030,Female,100,0.50538928
2040,Male,0,0.03186886
2040,Female,0,0.02082515
2040,Male,1,0.00503532
2040,Female,1,0.00315178
2040,Male,2,0.00320073
2040,Female,2,0.00196962
2040,Male,3,0.00227793
2040,Female,3,0.00139406
2040,Male,4,0.00167087
2040,Female,4,0.00103557
2040,Male,5,0.00130272
2040,Female,5,0.00080698
2040,Male,6,0.00108833
2040,Female,6,0.00066657
2040,Male,7,0.00093618
2040,Female,7,0.00056753
2040,Male,8,0.00082449
2040,Female,8,0.00049857
2040,Male,9,0.00075113
2040,Female,9,0.00045503
2040,Male,10,0.00070696
2040,Female,10,0.00043396
2040,Male,11,0.00068871
2040,Female,11,0.00042938
2040,Male,12,0.00070344
2040,Female,12,0.0004403
2040,Male,13,0.00074818
2040,Female,13,0.00046621
2040,Male,14,0.00082767
2040,Female,14,0.00050645
2040,Male,15,0.0009361
2040,Female,15,0.00056031
2040,Male,16,0.00108781
2040,Female,16,0.00062389
2040,Male,17,0.00124945
2040,Female,17,0.00067686
2040,Male,18,0.00142047
2040,Female,18,0.00073145
2040,Male,19,0.00156151
2040,Female,19,0.00077593
2040,Male,20,0.00168363
2040,Female,20,0.00081518
2040,Male,21,0.00178386
2040,Female,21,0.0008496
2040,Male,22,0.00186237
2040,Female,22,0.0008831
2040,Male,23,0.0019188
2040,Female,23,0.0009167
2040,Male,24,0.00196289
2040,Female,24,0.00095229
2040,Male,25,0.00199924
2040,Female,25,0.00098589
2040,Male,26,0.00204201
2040,Female,26,0.00102541
2040,Male,27,0.00209192
2040,Female,27,0.00106763
2040,Male,28,0.00215647
2040,Female,28,0.00111692
2040,Male,29,0.00222965
2040,Female,29,0.00116357
2040,Male,30,0.00232843
2040,Female,30,0.00122831
2040,Male,31,0.00240766
2040,Female,31,0.00127164
2040,Male,32,0.00254162
2040,Female,32,0.0013534
2040,Male,33,0.00266272
2040,Female,33,0.00142776
2040,Male,34,0.00279751
2040,Female,34,0.00151063
2040,Male,35,0.00296089
2040,Female,35,0.00160826
2040,Male,36,0.00312386
2040,Female,36,0.00171617
2040,Male,37,0.00330648
2040,Female,37,0.00182949
2040,Male,38,0.00352696
2040,Female,38,0.00198517
2040,Male,39,0.00374412
2040,Female,39,0.00213086
2040,Male,40,0.00402701
2040,Female,40,0.00232471
2040,Male,41,0.00423959
2040,Female,41,0.00246216
2040,Male,42,0.00457984
2040,Female,42,0.00269881
2040,Male,43,0.00485552
2040,Female,43,0.00287229
2040,Male,44,0.00519094
2040,Female,44,0.0030737
2040,Male,45,0.00559404
2040,Female,45,0.00331614
2040,Male,46,0.00596327
2040,Female,46,0.00354343
2040,Male,47,0.0064291
2040,Female,47,0.00382441
2040,Male,48,0.00698049
2040,Female,48,0.00418563
2040,Male,49,0.00756802
2040,Female,49,0.00455396
2040,Male,50,0.00829683
2040,Female,50,0.00506071
2040,Male,51,0.0088663
2040,Female,51,0.00540468
2040,Male,52,0.00968976
2040,Female,52,0.00599699
2040,Male,53,0.01040759
2040,Female,53,0.00645842
2040,Male,54,0.0112024
2040,Female,54,0.00701203
2040,Male,55,0.01200479
2040,Female,55,0.00756246
2040,Male,56,0.01291541
2040,Female,56,0.00820848
2040,Male,57,0.01388062
2040,Female,57,0.00886964
2040,Male,58,0.01510723
2040,Female,58,0.00977182
2040,Male,59,0.0163946
2040,Female,59,0.01068062
2040,Male,60,0.01809732
2040,Female,60,0.0120529
2040,Male,61,0.01946873
2040,Female,61,0.01298054
2040,Male,62,0.02149597
2040,Female,62,0.01459356
2040,Male,63,0.02342412
2040,Female,63,0.01606314
2040,Male,64,0.02552741
2040,Female,64,0.01772939
2040,Male,65,0.02787444
2040,Female,65,0.01963713
2040,Male,66,0.03120979
2040,Female,66,0.02208257
2040,Male,67,0.03518605
2040,Female,67,0.02510767
2040,Male,68,0.03963984
2040,Female,68,0.02867355
2040,Male,69,0.0443911
2040,Female,69,0.03235196
2040,Male,70,0.05052788
2040,Female,70,0.03768741
2040,Male,71,0.05578715
2040,Female,71,0.0415974
2040,Male,72,0.06329726
2040,Female,72,0.04794486
2040,Male,73,0.07056971
2040,Female,73,0.05381035
2040,Male,74,0.07875596
2040,Female,74,0.06055925
2040,Male,75,0.08782107
2040,Female,75,0.06811768
2040,Male,76,0.09710898
2040,Female,76,0.07555951
2040,Male,77,0.10731175
2040,Female,77,0.08375453
2040,Male,78,0.11922547
2040,Female,78,0.09388634
2040,Male,79,0.13085036
2040,Female,79,0.10329759
2040,Male,80,0.14542716
2040,Female,80,0.11520283
2040,Male,81,0.15502589
2040,Female,81,0.12249002
2040,Male,82,0.16974649
2040,Female,82,0.13591687
2040,Male,83,0.18334134
2040,Female,83,0.14775587
2040,Male,84,0.19899069
2040,Female,84,0.16170695
2040,Male,85,0.21340117
2040,Female,85,0.17491714
2040,Male,86,0.22902173
2040,Female,86,0.18860925
2040,Male,87,0.24497711
2040,Female,87,0.20290421
2040,Male,88,0.26256239
2040,Female,88,0.21903393
2040,Male,89,0.27919841
2040,Female,89,0.23396783
2040,Male,90,0.30028764
2040,Female,90,0.25555237
2040,Male,91,0.31489558
2040,Female,91,0.26849886
2040,Male,92,0.33682384
2040,Female,92,0.29051672
2040,Male,93,0.35733846
2040,Female,93,0.31028579
2040,Male,94,0.3794852
2040,Female,94,0.33206579
2040,Male,95,0.40493869
2040,Female,95,0.35565372
2040,Male,96,0.42728887
2040,Female,96,0.37809227
2040,Male,97,0.44887716
2040,Female,97,0.40043791
2040,Male,98,0.46958392
2040,Female,98,0.42256062
2040,Male,99,0.49660693
2040,Female,99,0.44902068
2040,Male,100,0.55093118
2040,Female,100,0.4950429
2050,Male,0,0.0265114
2050,Female,0,0.01522397
2050,Male,1,0.00404563
2050,Female,1,0.00224254
2050,Male,2,0.00264149
2050,Female,2,0.00143797
2050,Male,3,0.00191854
2050,Female,3,0.00103155
2050,Male,4,0.00143405
2050,Female,4,0.0007737
2050,Male,5,0.001132
2050,Female,5,0.00060708
2050,Male,6,0.00094869
2050,Female,6,0.00050289
2050,Male,7,0.00081605
2050,Female,7,0.00043012
2050,Male,8,0.00071791
2050,Female,8,0.00038032
2050,Male,9,0.00065281
2050,Female,9,0.00034981
2050,Male,10,0.00061402
2050,Female,10,0.00033628
2050,Male,11,0.00059903
2050,Female,11,0.00033538
2050,Male,12,0.00061373
2050,Female,12,0.00034659
2050,Male,13,0.00065649
2050,Female,13,0.00036962
2050,Male,14,0.00073146
2050,Female,14,0.00040404
2050,Male,15,0.00083461
2050,Female,15,0.00044934
2050,Male,16,0.00097624
2050,Female,16,0.00050221
2050,Male,17,0.00112856
2050,Female,17,0.00054834
2050,Male,18,0.00128844
2050,Female,18,0.00059586
2050,Male,19,0.00142138
2050,Female,19,0.00063605
2050,Male,20,0.00153441
2050,Female,20,0.00067209
2050,Male,21,0.00162464
2050,Female,21,0.00070404
2050,Male,22,0.00169342
2050,Female,22,0.00073487
2050,Male,23,0.00174215
2050,Female,23,0.00076547
2050,Male,24,0.00178
2050,Female,24,0.00079731
2050,Male,25,0.00181187
2050,Female,25,0.0008276
2050,Male,26,0.00185036
2050,Female,26,0.00086254
2050,Male,27,0.00189609
2050,Female,27,0.00089949
2050,Male,28,0.00195521
2050,Female,28,0.00094161
2050,Male,29,0.00202268
2050,Female,29,0.00098175
2050,Male,30,0.0021118
2050,Female,30,0.00103518
2050,Male,31,0.00218595
2050,Female,31,0.00107323
2050,Male,32,0.00230467
2050,Female,32,0.00114011
2050,Male,33,0.00241264
2050,Female,33,0.00120203
2050,Male,34,0.00253218
2050,Female,34,0.00127156
2050,Male,35,0.00267659
2050,Female,35,0.00135441
2050,Male,36,0.0028236
2050,Female,36,0.00144857
2050,Male,37,0.00299041
2050,Female,37,0.00155073
2050,Male,38,0.00319268
2050,Female,38,0.00168999
2050,Male,39,0.00339605
2050,Female,39,0.00182575
2050,Male,40,0.00365764
2050,Female,40,0.00200269
2050,Male,41,0.00386134
2050,Female,41,0.0021366
2050,Male,42,0.00417349
2050,Female,42,0.00234873
2050,Male,43,0.00443132
2050,Female,43,0.00250965
2050,Male,44,0.00474118
2050,Female,44,0.00269168
2050,Male,45,0.00511247
2050,Female,45,0.00290789
2050,Male,46,0.00545922
2050,Female,46,0.0031137
2050,Male,47,0.00589815
2050,Female,47,0.0033693
2050,Male,48,0.00642213
2050,Female,48,0.00369922
2050,Male,49,0.00698961
2050,Female,49,0.00404441
2050,Male,50,0.00769006
2050,Female,50,0.00451295
2050,Male,51,0.00825404
2050,Female,51,0.00484866
2050,Male,52,0.00903883
2050,Female,52,0.00539207
2050,Male,53,0.00972718
2050,Female,53,0.00582544
2050,Male,54,0.01047726
2050,Female,54,0.0063332
2050,Male,55,0.01123243
2050,Female,55,0.0068387
2050,Male,56,0.0120807
2050,Female,56,0.00742281
2050,Male,57,0.0129891
2050,Female,57,0.00802842
2050,Male,58,0.01414606
2050,Female,58,0.00885261
2050,Male,59,0.01537973
2050,Female,59,0.00969939
2050,Male,60,0.0170048
2050,Female,60,0.01096096
2050,Male,61,0.01835132
2050,Female,61,0.0118523
2050,Male,62,0.02029461
2050,Female,62,0.01334512
2050,Male,63,0.02216208
2050,Female,63,0.01472853
2050,Male,64,0.02419266
2050,Female,64,0.01629217
2050,Male,65,0.02644749
2050,Female,65,0.01807654
2050,Male,66,0.02958273
2050,Female,66,0.02033127
2050,Male,67,0.03330403
2050,Female,67,0.02310613
2050,Male,68,0.03747338
2050,Female,68,0.02637454
2050,Male,69,0.04193708
2050,Female,69,0.02977038
2050,Male,70,0.04767014
2050,Female,70,0.03463644
2050,Male,71,0.05265438
2050,Female,71,0.03829348
2050,Male,72,0.05968695
2050,Female,72,0.04410073
2050,Male,73,0.06655258
2050,Female,73,0.04952515
2050,Male,74,0.07428128
2050,Female,74,0.0557564
2050,Male,75,0.08284518
2050,Female,75,0.06273772
2050,Male,76,0.09166175
2050,Female,76,0.06967308
2050,Male,77,0.10135248
2050,Female,77,0.07733041
2050,Male,78,0.11263486
2050,Female,78,0.08675704
2050,Male,79,0.12372612
2050,Female,79,0.09563821
2050,Male,80,0.1375372
2050,Female,80,0.10678957
2050,Male,81,0.14698238
2050,Female,81,0.11399184
2050,Male,82,0.16111733
2050,Female,82,0.12665819
2050,Male,83,0.17435061
2050,Female,83,0.13800833
2050,Male,84,0.18954557
2050,Female,84,0.15129304
2050,Male,85,0.20374826
2050,Female,85,0.16400974
2050,Male,86,0.21917824
2050,Female,86,0.17727451
2050,Male,87,0.23503233
2050,Female,87,0.19118972
2050,Male,88,0.252474
2050,Female,88,0.20686124
2050,Male,89,0.26917657
2050,Female,89,0.22162016
2050,Male,90,0.29000868
2050,Female,90,0.24241878
2050,Male,91,0.30511675
2050,Female,91,0.25572264
2050,Male,92,0.3269426
2050,Female,92,0.27721545
2050,Male,93,0.34759658
2050,Female,93,0.29683673
2050,Male,94,0.36982899
2050,Female,94,0.31837089
2050,Male,95,0.39515687
2050,Female,95,0.34163866
2050,Male,96,0.41798047
2050,Female,96,0.36432085
2050,Male,97,0.44021871
2050,Female,97,0.38707963
2050,Male,98,0.46174808
2050,Female,98,0.40979411
2050,Male,99,0.48910815
2050,Female,99,0.43657163
2050,Male,100,0.5442117
2050,Female,100,0.48351628
2060,Male,0,0.02197758
2060,Female,0,0.01150556
2060,Male,1,0.0031567
2060,Female,1,0.00161025
2060,Male,2,0.00211898
2060,Female,2,0.00106521
2060,Male,3,0.0015716
2060,Female,3,0.00077546
2060,Male,4,0.00119774
2060,Female,4,0.0005873
2060,Male,5,0.00095827
2060,Female,5,0.00046365
2060,Male,6,0.00080725
2060,Female,6,0.0003847
2060,Male,7,0.000696
2060,Female,7,0.00033019
2060,Male,8,0.00061304
2060,Female,8,0.00029364
2060,Male,9,0.00055761
2060,Female,9,0.000272
2060,Male,10,0.00052507
2060,Female,10,0.00026336
2060,Male,11,0.00051372
2060,Female,11,0.00026456
2060,Male,12,0.00052857
2060,Female,12,0.00027532
2060,Male,13,0.0005691
2060,Female,13,0.00029545
2060,Male,14,0.00063904
2060,Female,14,0.00032463
2060,Male,15,0.00073587
2060,Female,15,0.00036247
2060,Male,16,0.0008666
2060,Female,16,0.00040624
2060,Male,17,0.0010084
2060,Female,17,0.00044613
2060,Male,18,0.00115608
2060,Female,18,0.00048718
2060,Male,19,0.00127967
2060,Female,19,0.00052301
2060,Male,20,0.00138284
2060,Female,20,0.00055557
2060,Male,21,0.00146281
2060,Female,21,0.00058468
2060,Male,22,0.00152188
2060,Female,22,0.00061255
2060,Male,23,0.00156283
2060,Female,23,0.0006399
2060,Male,24,0.00159424
2060,Female,24,0.00066789
2060,Male,25,0.00162118
2060,Female,25,0.00069468
2060,Male,26,0.00165475
2060,Female,26,0.00072495
2060,Male,27,0.0016956
2060,Female,27,0.00075663
2060,Male,28,0.00174863
2060,Female,28,0.00079196
2060,Male,29,0.00180979
2060,Female,29,0.00082579
2060,Male,30,0.00188911
2060,Female,30,0.00086905
2060,Male,31,0.00195761
2060,Female,31,0.00090163
2060,Male,32,0.00206171
2060,Female,32,0.00095519
2060,Male,33,0.00215712
2060,Female,33,0.0010057
2060,Male,34,0.00226219
2060,Female,34,0.00106292
2060,Male,35,0.00238854
2060,Female,35,0.00113198
2060,Male,36,0.00251973
2060,Female,36,0.00121268
2060,Male,37,0.00267027
2060,Female,37,0.00130306
2060,Male,38,0.00285347
2060,Female,38,0.00142551
2060,Male,39,0.00304135
2060,Female,39,0.00154941
2060,Male,40,0.00328028
2060,Female,40,0.00170804
2060,Male,41,0.00347312
2060,Female,41,0.00183497
2060,Male,42,0.00375705
2060,Female,42,0.00202208
2060,Male,43,0.00399693
2060,Female,43,0.00216849
2060,Male,44,0.00428219
2060,Female,44,0.00233035
2060,Male,45,0.00462311
2060,Female,45,0.00252024
2060,Male,46,0.00494824
2060,Female,46,0.00270389
2060,Male,47,0.00536057
2060,Female,47,0.00293321
2060,Male,48,0.00585638
2060,Female,48,0.00323039
2060,Male,49,0.00640144
2060,Female,49,0.00354904
2060,Male,50,0.00707039
2060,Female,50,0.00397613
2060,Male,51,0.00762439
2060,Female,51,0.00429744
2060,Male,52,0.00836704
2060,Female,52,0.00478915
2060,Male,53,0.00902194
2060,Female,53,0.00518962
2060,Male,54,0.00972408
2060,Female,54,0.00564836
2060,Male,55,0.01042897
2060,Female,55,0.00610542
2060,Male,56,0.01121298
2060,Female,56,0.00662575
2060,Male,57,0.012062
2060,Female,57,0.00717238
2060,Male,58,0.01314641
2060,Female,58,0.00791468
2060,Male,59,0.0143221
2060,Female,59,0.00869235
2060,Male,60,0.01586511
2060,Female,60,0.00983661
2060,Male,61,0.01718084
2060,Female,61,0.01067956
2060,Male,62,0.01903561
2060,Female,62,0.01204351
2060,Male,63,0.02083665
2060,Female,63,0.01332856
2060,Male,64,0.02278854
2060,Female,64,0.01477728
2060,Male,65,0.02494478
2060,Female,65,0.01642571
2060,Male,66,0.02787589
2060,Female,66,0.01848007
2060,Male,67,0.03133803
2060,Female,67,0.02099557
2060,Male,68,0.03521761
2060,Female,68,0.02395604
2060,Male,69,0.03938652
2060,Female,69,0.02705399
2060,Male,70,0.04470971
2060,Female,70,0.03143963
2060,Male,71,0.04940871
2060,Female,71,0.03481906
2060,Male,72,0.05595752
2060,Female,72,0.04007059
2060,Male,73,0.0624079
2060,Female,73,0.04502983
2060,Male,74,0.06967151
2060,Female,74,0.05071852
2060,Male,75,0.07772715
2060,Female,75,0.05709567
2060,Male,76,0.08606356
2060,Female,76,0.06348819
2060,Male,77,0.09523253
2060,Female,77,0.07056581
2060,Male,78,0.10587377
2060,Female,78,0.07924346
2060,Male,79,0.1164165
2060,Female,79,0.08753508
2060,Male,80,0.12944861
2060,Female,80,0.09787338
2060,Male,81,0.13871149
2060,Female,81,0.10489746
2060,Male,82,0.15223919
2060,Female,82,0.11672804
2060,Male,83,0.1650845
2060,Female,83,0.12749914
2060,Male,84,0.17980089
2060,Female,84,0.1400275
2060,Male,85,0.19376797
2060,Female,85,0.15214988
2060,Male,86,0.20897896
2060,Female,86,0.16487376
2060,Male,87,0.22470262
2060,Female,87,0.17828586
2060,Male,88,0.24197299
2060,Female,88,0.19336982
2060,Male,89,0.25871231
2060,Female,89,0.20780894
2060,Male,90,0.27926476
2060,Female,90,0.22768811
2060,Male,91,0.29484144
2060,Female,91,0.2411833
2060,Male,92,0.31654751
2060,Female,92,0.26200703
2060,Male,93,0.3373259
2060,Female,93,0.28133279
2060,Male,94,0.35963588
2060,Female,94,0.30247998
2060,Male,95,0.38483789
2060,Female,95,0.32529334
2060,Male,96,0.4081174
2060,Female,96,0.34804183
2060,Male,97,0.4309888
2060,Female,97,0.37103552
2060,Male,98,0.45332435
2060,Female,98,0.39416456
2060,Male,99,0.48101206
2060,Female,99,0.42108751
2060,Male,100,0.53702907
2060,Female,100,0.4691942
2070,Male,0,0.01839966
2070,Female,0,0.00958155
2070,Male,1,0.00242018
2070,Female,1,0.00128648
2070,Male,2,0.00167252
2070,Female,2,0.00088039
2070,Male,3,0.0012696
2070,Female,3,0.00065084
2070,Male,4,0.00098885
2070,Female,4,0.00049782
2070,Male,5,0.00080445
2070,Female,5,0.00039539
2070,Male,6,0.00068399
2070,Female,6,0.00032844
2070,Male,7,0.00059363
2070,Female,7,0.00028268
2070,Male,8,0.00052568
2070,Female,8,0.00025255
2070,Male,9,0.00048018
2070,Female,9,0.00023527
2070,Male,10,0.00045431
2070,Female,10,0.00022906
2070,Male,11,0.00044711
2070,Female,11,0.00023135
2070,Male,12,0.00046328
2070,Female,12,0.000242
2070,Male,13,0.00050333
2070,Female,13,0.00026086
2070,Male,14,0.00057092
2070,Female,14,0.0002877
2070,Male,15,0.0006648
2070,Female,15,0.00032218
2070,Male,16,0.00078947
2070,Female,16,0.0003617
2070,Male,17,0.00092569
2070,Female,17,0.00039898
2070,Male,18,0.00106661
2070,Female,18,0.00043735
2070,Male,19,0.00118503
2070,Female,19,0.00047167
2070,Male,20,0.00128216
2070,Female,20,0.00050318
2070,Male,21,0.00135454
2070,Female,21,0.00053113
2070,Male,22,0.00140617
2070,Female,22,0.00055769
2070,Male,23,0.00144104
2070,Female,23,0.00058356
2070,Male,24,0.00146749
2070,Female,24,0.00060971
2070,Male,25,0.00149077
2070,Female,25,0.00063482
2070,Male,26,0.0015197
2070,Female,26,0.0006621
2070,Male,27,0.00155601
2070,Female,27,0.00069037
2070,Male,28,0.00160375
2070,Female,28,0.00072138
2070,Male,29,0.00165943
2070,Female,29,0.00075106
2070,Male,30,0.00173082
2070,Female,30,0.00078787
2070,Male,31,0.00179303
2070,Female,31,0.00081578
2070,Male,32,0.00188425
2070,Female,32,0.00085993
2070,Male,33,0.00196793
2070,Female,33,0.00090182
2070,Male,34,0.00205951
2070,Female,34,0.00094963
2070,Male,35,0.00216926
2070,Female,35,0.0010081
2070,Male,36,0.00228417
2070,Female,36,0.00107762
2070,Male,37,0.00241739
2070,Female,37,0.00115749
2070,Male,38,0.00258029
2070,Female,38,0.00126574
2070,Male,39,0.00274984
2070,Female,39,0.00137803
2070,Male,40,0.00296388
2070,Female,40,0.00151998
2070,Male,41,0.00314067
2070,Female,41,0.00163708
2070,Male,42,0.0033936
2070,Female,42,0.00180096
2070,Male,43,0.00361018
2070,Female,43,0.00193032
2070,Male,44,0.0038656
2070,Female,44,0.00207002
2070,Male,45,0.00417042
2070,Female,45,0.002232
2070,Male,46,0.00446721
2070,Female,46,0.0023908
2070,Male,47,0.00484517
2070,Female,47,0.00259074
2070,Male,48,0.00530316
2070,Female,48,0.00285166
2070,Male,49,0.00581331
2070,Female,49,0.00313679
2070,Male,50,0.00643615
2070,Female,50,0.00351556
2070,Male,51,0.0069657
2070,Female,51,0.00381175
2070,Male,52,0.0076507
2070,Female,52,0.00424473
2070,Male,53,0.00825403
2070,Female,53,0.00460054
2070,Male,54,0.00888786
2070,Female,54,0.00499852
2070,Male,55,0.00951933
2070,Female,55,0.00539282
2070,Male,56,0.01021881
2070,Female,56,0.00583905
2070,Male,57,0.01098515
2070,Female,57,0.00631293
2070,Male,58,0.01196911
2070,Female,58,0.00695673
2070,Male,59,0.01305482
2070,Female,59,0.00764294
2070,Male,60,0.01447668
2070,Female,60,0.00864288
2070,Male,61,0.01573029
2070,Female,61,0.00941178
2070,Male,62,0.01745672
2070,Female,62,0.01061774
2070,Male,63,0.01914971
2070,Female,63,0.01177061
2070,Male,64,0.02097638
2070,Female,64,0.01306622
2070,Male,65,0.02298105
2070,Female,65,0.01453507
2070,Male,66,0.02564986
2070,Female,66,0.01634969
2070,Male,67,0.02878293
2070,Female,67,0.01855863
2070,Male,68,0.03229241
2070,Female,68,0.02115423
2070,Male,69,0.03607774
2070,Female,69,0.02388872
2070,Male,70,0.0408786
2070,Female,70,0.02770855
2070,Male,71,0.04520446
2070,Female,71,0.03074271
2070,Male,72,0.05114997
2070,Female,72,0.03534843
2070,Male,73,0.05706893
2070,Female,73,0.03975047
2070,Male,74,0.06373905
2070,Female,74,0.04479244
2070,Male,75,0.07114608
2070,Female,75,0.05044827
2070,Male,76,0.07888079
2070,Female,76,0.05619475
2070,Male,77,0.08739764
2070,Female,77,0.06257799
2070,Male,78,0.09724808
2070,Female,78,0.07037023
2070,Male,79,0.10710001
2070,Female,79,0.07793425
2070,Male,80,0.11917717
2070,Female,80,0.08729711
2070,Male,81,0.12817294
2070,Female,81,0.09403206
2070,Male,82,0.14095554
2070,Female,82,0.1048765
2070,Male,83,0.15330044
2070,Female,83,0.11493575
2070,Male,84,0.16741616
2070,Female,84,0.12656868
2070,Male,85,0.1810535
2070,Female,85,0.13796681
2070,Male,86,0.1959725
2070,Female,86,0.1500318
2070,Male,87,0.21150768
2070,Female,87,0.16281621
2070,Male,88,0.22855278
2070,Female,88,0.17717373
2070,Male,89,0.24530372
2070,Female,89,0.19115583
2070,Male,90,0.26553769
2070,Female,90,0.20996078
2070,Male,91,0.2816245
2070,Female,91,0.22354401
2070,Male,92,0.30322644
2070,Female,92,0.2436039
2070,Male,93,0.32418538
2070,Female,93,0.26259335
2070,Male,94,0.34665123
2070,Female,94,0.2833596
2070,Male,95,0.37182237
2070,Female,95,0.30577052
2070,Male,96,0.39582882
2070,Female,96,0.32876429
2070,Male,97,0.41965557
2070,Female,97,0.35221246
2070,Male,98,0.4431691
2070,Female,98,0.37601162
2070,Male,99,0.47159754
2070,Female,99,0.40338538
2070,Male,100,0.52825117
2070,Female,100,0.45205225
2080,Male,0,0.01573692
2080,Female,0,0.00861852
2080,Male,1,0.00188477
2080,Female,1,0.00111769
2080,Male,2,0.00134112
2080,Female,2,0.00078584
2080,Male,3,0.00104066
2080,Female,3,0.00058744
2080,Male,4,0.00082676
2080,Female,4,0.00045227
2080,Male,5,0.00068237
2080,Female,5,0.00036034
2080,Male,6,0.00058459
2080,Female,6,0.00029918
2080,Male,7,0.00050989
2080,Female,7,0.00025764
2080,Male,8,0.00045325
2080,Female,8,0.0002306
2080,Male,9,0.00041522
2080,Female,9,0.00021535
2080,Male,10,0.00039428
2080,Female,10,0.00021013
2080,Male,11,0.00039005
2080,Female,11,0.00021273
2080,Male,12,0.00040685
2080,Female,12,0.000223
2080,Male,13,0.00044598
2080,Female,13,0.0002408
2080,Male,14,0.00051104
2080,Female,14,0.00026592
2080,Male,15,0.00060185
2080,Female,15,0.00029802
2080,Male,16,0.00072118
2080,Female,16,0.0003347
2080,Male,17,0.00085236
2080,Female,17,0.00037018
2080,Male,18,0.00098717
2080,Female,18,0.00040672
2080,Male,19,0.00110035
2080,Female,19,0.00043997
2080,Male,20,0.00119135
2080,Female,20,0.00047072
2080,Male,21,0.00125629
2080,Female,21,0.00049784
2080,Male,22,0.00130078
2080,Female,22,0.0005235
2080,Male,23,0.00132998
2080,Female,23,0.00054834
2080,Male,24,0.00135202
2080,Female,24,0.00057321
2080,Male,25,0.00137227
2080,Female,25,0.00059713
2080,Male,26,0.00139725
2080,Female,26,0.0006222
2080,Male,27,0.00142982
2080,Female,27,0.00064798
2080,Male,28,0.00147327
2080,Female,28,0.00067586
2080,Male,29,0.00152452
2080,Female,29,0.00070252
2080,Male,30,0.00158951
2080,Female,30,0.00073474
2080,Male,31,0.00164581
2080,Female,31,0.00075891
2080,Male,32,0.00172574
2080,Female,32,0.00079603
2080,Male,33,0.00179877
2080,Female,33,0.00083131
2080,Male,34,0.00187801
2080,Female,34,0.00087181
2080,Male,35,0.00197259
2080,Female,35,0.000922
2080,Male,36,0.00207144
2080,Female,36,0.00098222
2080,Male,37,0.00218723
2080,Female,37,0.00105295
2080,Male,38,0.00232966
2080,Female,38,0.00114906
2080,Male,39,0.00247969
2080,Female,39,0.00125064
2080,Male,40,0.00266795
2080,Female,40,0.00137774
2080,Male,41,0.00282526
2080,Female,41,0.00148441
2080,Male,42,0.00304493
2080,Female,42,0.0016274
2080,Male,43,0.00323392
2080,Female,43,0.00174015
2080,Male,44,0.00345504
2080,Female,44,0.00185894
2080,Male,45,0.00371889
2080,Female,45,0.00199498
2080,Male,46,0.00398097
2080,Female,46,0.00212986
2080,Male,47,0.00431755
2080,Female,47,0.00230144
2080,Male,48,0.00472964
2080,Female,48,0.00252729
2080,Male,49,0.00519524
2080,Female,49,0.00277829
2080,Male,50,0.00576165
2080,Female,50,0.00310913
2080,Male,51,0.00625603
2080,Female,51,0.00337688
2080,Male,52,0.00687325
2080,Female,52,0.00375192
2080,Male,53,0.0074134
2080,Female,53,0.00406088
2080,Male,54,0.00796629
2080,Female,54,0.00439722
2080,Male,55,0.00850987
2080,Female,55,0.00472697
2080,Male,56,0.00911212
2080,Female,56,0.00509998
2080,Male,57,0.0097806
2080,Female,57,0.00550024
2080,Male,58,0.01064595
2080,Female,58,0.00604523
2080,Male,59,0.01162004
2080,Female,59,0.0066364
2080,Male,60,0.01289515
2080,Female,60,0.00749038
2080,Male,61,0.01406474
2080,Female,61,0.00817925
2080,Male,62,0.01563791
2080,Female,62,0.00922671
2080,Male,63,0.01719648
2080,Female,63,0.01024313
2080,Male,64,0.01886936
2080,Female,64,0.01138166
2080,Male,65,0.02069079
2080,Female,65,0.01266726
2080,Male,66,0.02306773
2080,Female,66,0.01424694
2080,Male,67,0.02583765
2080,Female,67,0.01615724
2080,Male,68,0.02893829
2080,Female,68,0.01839759
2080,Male,69,0.03229684
2080,Female,69,0.02077526
2080,Male,70,0.03652409
2080,Female,70,0.02404693
2080,Male,71,0.04043554
2080,Female,71,0.02674265
2080,Male,72,0.04572912
2080,Female,72,0.03072981
2080,Male,73,0.05106902
2080,Female,73,0.03459543
2080,Male,74,0.05709631
2080,Female,74,0.03901787
2080,Male,75,0.06380425
2080,Female,75,0.04398476
2080,Male,76,0.07089594
2080,Female,76,0.04911554
2080,Male,77,0.07872001
2080,Female,77,0.05483791
2080,Male,78,0.08773867
2080,Female,78,0.06179235
2080,Male,79,0.09686158
2080,Female,79,0.06866397
2080,Male,80,0.10794561
2080,Female,80,0.077108
2080,Male,81,0.11664238
2080,Female,81,0.0835526
2080,Male,82,0.12865017
2080,Female,82,0.0934733
2080,Male,83,0.14047133
2080,Female,83,0.10286785
2080,Male,84,0.15397188
2080,Female,84,0.11367711
2080,Male,85,0.16727366
2080,Female,85,0.12441549
2080,Male,86,0.18189346
2080,Female,86,0.13586735
2080,Male,87,0.1972445
2080,Female,87,0.14806809
2080,Male,88,0.21408463
2080,Female,88,0.16175367
2080,Male,89,0.23088086
2080,Female,89,0.17531182
2080,Male,90,0.25085988
2080,Female,90,0.19314857
2080,Male,91,0.2674973
2080,Female,91,0.20680248
2080,Male,92,0.28908016
2080,Female,92,0.22619497
2080,Male,93,0.31032629
2080,Female,93,0.24493786
2080,Male,94,0.33308907
2080,Female,94,0.26545614
2080,Male,95,0.35841429
2080,Female,95,0.287637
2080,Male,96,0.38335649
2080,Female,96,0.3109744
2080,Male,97,0.4083817
2080,Female,97,0.33497922
2080,Male,98,0.43335102
2080,Female,98,0.35955275
2080,Male,99,0.46287741
2080,Female,99,0.38753611
2080,Male,100,0.52012566
2080,Female,100,0.43716125
2090,Male,0,0.01345807
2090,Female,0,0.00803046
2090,Male,1,0.00143911
2090,Female,1,0.00101216
2090,Male,2,0.00105712
2090,Female,2,0.00072828
2090,Male,3,0.00083964
2090,Female,3,0.00054877
2090,Male,4,0.00068089
2090,Female,4,0.00042407
2090,Male,5,0.00057031
2090,Female,5,0.00033808
2090,Male,6,0.00049237
2090,Female,6,0.00028
2090,Male,7,0.00043159
2090,Female,7,0.00024072
2090,Male,8,0.00038504
2090,Female,8,0.00021534
2090,Male,9,0.00035367
2090,Female,9,0.0002011
2090,Male,10,0.00033696
2090,Female,10,0.0001962
2090,Male,11,0.00033506
2090,Female,11,0.00019867
2090,Male,12,0.00035185
2090,Female,12,0.0002083
2090,Male,13,0.00038924
2090,Female,13,0.00022493
2090,Male,14,0.00045074
2090,Female,14,0.00024833
2090,Male,15,0.00053702
2090,Female,15,0.00027815
2090,Male,16,0.00064953
2090,Female,16,0.00031217
2090,Male,17,0.00077387
2090,Female,17,0.00034581
2090,Male,18,0.0009008
2090,Female,18,0.00038043
2090,Male,19,0.00100706
2090,Female,19,0.00041236
2090,Male,20,0.00109062
2090,Female,20,0.00044201
2090,Male,21,0.00114764
2090,Female,21,0.00046806
2090,Male,22,0.00118487
2090,Female,22,0.00049258
2090,Male,23,0.00120838
2090,Female,23,0.00051615
2090,Male,24,0.00122606
2090,Female,24,0.00053955
2090,Male,25,0.00124321
2090,Female,25,0.00056209
2090,Male,26,0.0012644
2090,Female,26,0.00058501
2090,Male,27,0.00129322
2090,Female,27,0.00060841
2090,Male,28,0.00133222
2090,Female,28,0.00063334
2090,Male,29,0.00137867
2090,Female,29,0.00065713
2090,Male,30,0.00143692
2090,Female,30,0.0006851
2090,Male,31,0.00148712
2090,Female,31,0.00070583
2090,Male,32,0.00155597
2090,Female,32,0.00073663
2090,Male,33,0.00161858
2090,Female,33,0.00076591
2090,Male,34,0.00168585
2090,Female,34,0.00079975
2090,Male,35,0.00176584
2090,Female,35,0.00084235
2090,Male,36,0.0018494
2090,Female,36,0.00089413
2090,Male,37,0.00194841
2090,Female,37,0.00095646
2090,Male,38,0.0020711
2090,Female,38,0.00104145
2090,Male,39,0.00220199
2090,Female,39,0.00113301
2090,Male,40,0.00236523
2090,Female,40,0.00124637
2090,Male,41,0.0025034
2090,Female,41,0.00134319
2090,Male,42,0.00269129
2090,Female,42,0.00146726
2090,Male,43,0.00285385
2090,Female,43,0.00156489
2090,Male,44,0.00304229
2090,Female,44,0.00166491
2090,Male,45,0.00326729
2090,Female,45,0.00177785
2090,Male,46,0.0034959
2090,Female,46,0.00189126
2090,Male,47,0.00379214
2090,Female,47,0.00203726
2090,Male,48,0.00415929
2090,Female,48,0.00223138
2090,Male,49,0.00458019
2090,Female,49,0.00245104
2090,Male,50,0.00509086
2090,Female,50,0.00273838
2090,Male,51,0.00554872
2090,Female,51,0.00297912
2090,Male,52,0.00609992
2090,Female,52,0.00330228
2090,Male,53,0.00657943
2090,Female,53,0.00356951
2090,Male,54,0.00705577
2090,Female,54,0.00385229
2090,Male,55,0.00751706
2090,Female,55,0.00412651
2090,Male,56,0.00802815
2090,Female,56,0.00443616
2090,Male,57,0.00860331
2090,Female,57,0.00477218
2090,Male,58,0.00935573
2090,Female,58,0.00523047
2090,Male,59,0.01022089
2090,Female,59,0.0057369
2090,Male,60,0.01135402
2090,Female,60,0.00646155
2090,Male,61,0.01243599
2090,Female,61,0.00707491
2090,Male,62,0.01385806
2090,Female,62,0.0079794
2090,Male,63,0.01528276
2090,Female,63,0.00887119
2090,Male,64,0.01680392
2090,Female,64,0.00986767
2090,Male,65,0.01844699
2090,Female,65,0.01098918
2090,Male,66,0.02054515
2090,Female,66,0.01235879
2090,Male,67,0.02296947
2090,Female,67,0.0140039
2090,Male,68,0.02568037
2090,Female,68,0.0159292
2090,Male,69,0.02862897
2090,Female,69,0.01798824
2090,Male,70,0.03230943
2090,Female,70,0.02077507
2090,Male,71,0.03580868
2090,Female,71,0.02315759
2090,Male,72,0.04046981
2090,Female,72,0.02658709
2090,Male,73,0.0452376
2090,Female,73,0.02996053
2090,Male,74,0.0506294
2090,Female,74,0.03381436
2090,Male,75,0.05664506
2090,Female,75,0.03814777
2090,Male,76,0.06308158
2090,Female,76,0.04269651
2090,Male,77,0.07019718
2090,Female,77,0.04779182
2090,Male,78,0.07837099
2090,Female,78,0.05395858
2090,Male,79,0.08673349
2090,Female,79,0.06016167
2090,Male,80,0.09680409
2090,Female,80,0.06772849
2090,Male,81,0.10510868
2090,Female,81,0.07382785
2090,Male,82,0.11627326
2090,Female,82,0.08282698
2090,Male,83,0.12747265
2090,Female,83,0.09150874
2090,Male,84,0.14025406
2090,Female,84,0.10144317
2090,Male,85,0.15308736
2090,Female,85,0.11143566
2090,Male,86,0.16725486
2090,Female,86,0.1221666
2090,Male,87,0.18225026
2090,Female,87,0.13366724
2090,Male,88,0.19870505
2090,Female,88,0.14656984
2090,Male,89,0.21534482
2090,Female,89,0.15956584
2090,Male,90,0.2348795
2090,Female,90,0.1763254
2090,Male,91,0.25184285
2090,Female,91,0.1898273
2090,Male,92,0.27321524
2090,Female,92,0.20834241
2090,Male,93,0.29455548
2090,Female,93,0.22654399
2090,Male,94,0.31743133
2090,Female,94,0.24647142
2090,Male,95,0.34273627
2090,Female,95,0.26804397
2090,Male,96,0.36834985
2090,Female,96,0.29122477
2090,Male,97,0.39429734
2090,Female,97,0.31528951
2090,Male,98,0.42044004
2090,Female,98,0.34015882
2090,Male,99,0.45079308
2090,Female,99,0.36830481
2090,Male,100,0.50896258
2090,Female,100,0.41949652
