age_band,sex,prevalence,se,ci_lo,ci_hi,n_unweighted
15_19,f,3.347,0.411,2.500,4.194,2120
20_24,f,8.335,0.640,7.016,9.654,2045
25_29,f,13.568,0.974,11.563,15.574,1619
30_34,f,20.162,1.155,17.783,22.540,1458
35_39,f,24.650,1.415,21.736,27.564,1160
40_44,f,29.577,1.670,26.137,33.017,989
45_49,f,25.848,1.809,22.123,29.574,619
50_54,f,20.138,1.736,16.564,23.713,584
55_59,f,17.748,2.276,13.061,22.436,379
15_19,m,1.618,0.304,0.992,2.244,1811
20_24,m,2.044,0.395,1.231,2.857,1344
25_29,m,5.586,0.769,4.003,7.169,1053
30_34,m,10.927,1.095,8.672,13.182,1003
35_39,m,15.064,1.325,12.336,17.792,836
40_44,m,22.194,1.675,18.744,25.644,751
45_49,m,23.043,1.975,18.976,27.110,560
50_54,m,22.859,2.121,18.490,27.227,444
55_59,m,16.857,2.069,12.596,21.118,340
15_49,f,14.262,0.421,13.396,15.128,10010
15_49,m,8.320,0.337,7.626,9.015,7358
15_59,f,14.635,0.414,13.782,15.489,10973
15_59,m,9.253,0.346,8.541,9.965,8142
15_49,total,11.353,0.316,10.702,12.004,17368
15_59,total,12.000,0.320,11.342,12.658,19115
