,With RTRI,Without RTRI (budget-matched),Without RTRI (full coverage)
RTRI assay ($),10000.0,0.0,0.0
Indexes receiving enhanced PN,61.00000000000003,561.0,1000.0
Enhanced PN ($),1220.0000000000005,11220.0,20000.0
Total cost ($),11220.0,11220.0,20000.0
Extra contacts reached,61.00000000000003,561.0,1000.0
Truly recent among indexes,0.4098360655737703,0.1,0.1
Weighted contact positivity,0.2642622950819672,0.19300000000000003,0.19300000000000003
HIV+ contacts identified,16.120000000000005,108.27300000000002,193.00000000000003
Extra new diagnoses,2.4180000000000006,16.24095,28.950000000000003
Cost per new diagnosis ($),4640.198511166252,690.8462867012089,690.8462867012089
