label,sens,spec_eff,flag_rate,ppv,p_rec_neg,enrichment,breakeven_rtri_cost,required_pn_cost,cost_per_dx_targeted,cost_per_dx_untargeted,penalty
assumption,0.25,0.96,0.061000000000000026,0.4098360655737703,0.07987220447284345,1.3692346895438712,0.4504663212435231,443.9843570278356,4640.198511166252,690.8462867012089,6.71668734491315
asante_cephia_visual,0.2876712328767123,0.984,0.04316712328767124,0.6664127951256662,0.07444651876624937,1.6749997040357678,0.5827559088650718,343.19686331367075,5189.7574434444805,690.846286701209,7.5121738993858855
asante_cephia_reader,0.5397260273972603,0.964,0.08637260273972606,0.624881050561441,0.05037874017164756,1.6255059151768465,1.080531478458371,185.0940985868791,2885.2970854624978,690.8462867012089,4.176467531206966
asante_cdc_linear,0.4383561643835616,0.979,0.06273561643835618,0.698735725047492,0.059923736084173854,1.7135192578286174,0.8952614096103342,223.39843743186782,3616.451718190255,690.8462867012089,5.2348138620803955
asante_cdc_poly,0.4575342465753425,0.97,0.07275342465753427,0.6288834494445489,0.05850285866241191,1.6302756133277003,0.917094186954361,218.08010872274014,3336.0661133285857,690.8462867012089,4.828955699043129
asante_uganda_lab1,0.32,0.995,0.0365,0.8767123287671232,0.07057602490918526,1.925615728582582,0.6756994818652847,295.9895713518903,5273.375107507064,690.8462867012089,7.633210468116476
asante_uganda_lab2,0.49,0.995,0.0535,0.9158878504672897,0.05388272583201268,1.9723015834584279,1.040362694300518,192.24064943473286,3623.8644733611586,690.8462867012089,5.2455438251902775
sedia_lag_odn1,0.3863013698630137,0.998,0.04043013698630138,0.9554787558446838,0.06395559654297159,2.0194824551516954,0.8243563063382779,242.61353793529324,4572.73137692284,690.846286701209,6.619028668095811
maxim_lag,0.41643835616438357,0.9410000000000001,0.0947438356164383,0.43954137327761983,0.06446370284956802,1.4046347971702204,0.7667330541557243,260.84697785753707,3087.4290855698573,690.846286701209,4.4690536013623685
kinghawk_lag,0.3589041095890411,0.973,0.060190410958904136,0.5962812080384167,0.06821550853349775,1.5914232012893044,0.7119601107246782,280.91461443876017,4040.2115351413745,690.8462867012088,5.8482061971171415
china_cdc_rapid,0.336986301369863,0.947,0.08139863013698635,0.4139950522542533,0.07217643260525605,1.374190994914395,0.6091726879125554,328.3141282734417,3590.800172001307,690.8462867012089,5.1976832489718925
asante_cdc_linear + 15% undisclosed ART,0.4383561643835616,0.9018999999999999,0.1321256164383562,0.33177227565714223,0.06471487651375595,1.276205302596594,0.7298759173823539,274.01917947544456,2589.865715157605,690.8462867012089,3.7488306226906336
