scenario,draw_idx,cum_new_infections,cum_new_diagnoses,cum_attended
baseline,838,352609.5559999999,343116.2218,0.0
baseline,922,314636.2192,335657.17350000003,0.0
baseline,914,342438.1265,324807.6487,0.0
baseline,882,360746.6996,363459.08079999994,0.0
baseline,879,507215.28439999995,497043.8549,0.0
baseline,920,323451.4581,339047.65,0.0
baseline,826,463139.08989999996,480091.4724,0.0
baseline,792,434659.0872999999,447542.89800000004,0.0
baseline,794,469920.0429,409569.56119999994,0.0
baseline,893,379055.2727,382445.7492,0.0
baseline,904,374986.70089999994,336335.26879999996,0.0
baseline,856,459748.6134,417706.70479999995,0.0
baseline,532,231908.59259999997,226483.83020000003,0.0
baseline,909,566209.5754999999,499078.1408,0.0
baseline,377,228518.11609999998,213600.01949999997,0.0
baseline,861,395329.55989999993,383123.84449999995,0.0
baseline,332,337013.3641,351931.4607,0.0
baseline,813,291580.979,311245.74269999994,0.0
baseline,557,238689.5456,262422.8811,0.0
baseline,599,195969.5417,206819.06650000002,0.0
baseline,608,148502.87070000003,163420.9673,0.0
baseline,714,366171.462,357356.22309999994,0.0
baseline,917,276662.8824,257676.21400000004,0.0
baseline,798,524167.6669,526201.9528,0.0
baseline,919,326841.9346,338369.55470000004,0.0
baseline,409,262422.88109999994,263779.0717,0.0
baseline,858,380411.46330000006,412281.94240000006,0.0
baseline,814,376342.89149999997,385158.1304,0.0
baseline,913,518064.8092,457036.23219999997,0.0
baseline,812,303786.6943999999,323451.4581,0.0
baseline,903,396685.75049999997,389904.7975,0.0
baseline,912,399398.1317,350575.2700999999,0.0
baseline,94,279375.26360000006,261066.69049999997,0.0
baseline,740,385158.1304,387192.4163,0.0
baseline,916,443474.3261999999,419062.8954,0.0
baseline,873,308533.36149999994,318704.791,0.0
baseline,715,342438.12649999995,332266.697,0.0
baseline,663,202072.39939999997,188510.49339999998,0.0
baseline,545,143078.1083,160708.58609999996,0.0
baseline,809,436015.2779,445508.61209999997,0.0
baseline,876,499756.23609999986,442796.23089999997,0.0
baseline,719,320060.9816,324807.64869999996,0.0
baseline,765,466529.56639999995,429912.4202,0.0
baseline,733,362780.98550000007,347184.7936,0.0
baseline,376,223093.35369999998,233942.87849999996,0.0
baseline,551,273272.40589999995,273272.40589999995,0.0
baseline,303,220380.97249999997,252929.54689999993,0.0
baseline,737,395329.55989999993,414316.2283,0.0
baseline,709,229196.2114,244114.30799999996,0.0
baseline,307,280053.3589,271916.2153,0.0
baseline,597,198681.92289999998,208175.2571,0.0
baseline,605,129516.2023,168167.6344,0.0
baseline,805,504502.9032,464495.28049999994,0.0
baseline,385,223771.44899999996,208175.25709999996,0.0
baseline,753,410247.65650000004,427200.039,0.0
baseline,701,225127.63960000002,222415.25839999996,0.0
baseline,696,357356.2231,337013.3641,0.0
baseline,432,368883.84319999994,370240.0337999999,0.0
baseline,319,212921.92419999998,191222.87459999998,0.0
baseline,729,407535.27530000004,395329.5599,0.0
baseline,546,216312.40069999997,218346.68659999996,0.0
baseline,918,231908.5926,256998.11869999996,0.0
baseline,380,191222.87459999998,232586.68789999996,0.0
baseline,638,225127.6396,250895.26099999994,0.0
baseline,793,402788.6082,435337.18259999994,0.0
baseline,684,208853.3524,219702.87719999993,0.0
baseline,791,356000.0325,337691.45940000005,0.0
baseline,502,212921.92419999998,216990.49599999993,0.0
baseline,322,264457.16699999996,244792.4033,0.0
baseline,834,301074.3132,324807.6487,0.0
baseline,852,553325.7648,510605.7609,0.0
baseline,885,524167.66689999995,463139.0899,0.0
baseline,771,382445.74919999996,386514.32099999994,0.0
baseline,712,274628.5965,295649.5508,0.0
baseline,373,208853.3524,232586.68789999996,0.0
baseline,596,249539.0704,252251.45160000003,0.0
baseline,726,363459.0808,384480.0350999999,0.0
baseline,553,216312.4007,232586.6879,0.0
baseline,911,291580.979,328876.22049999994,0.0
baseline,718,286834.3119,286156.2166,0.0
baseline,802,408213.37059999997,373630.5102999999,0.0
baseline,105,185798.11219999997,200716.2088,0.0
baseline,116,211565.73359999998,229196.21139999997,0.0
baseline,759,332944.7923,331588.6017,0.0
baseline,118,210887.6383,208175.2571,0.0
baseline,884,580449.5767999999,537729.5729,0.0
baseline,866,233942.87849999996,211565.73359999998,0.0
baseline,716,255641.92809999996,267169.54819999996,0.0
baseline,804,422453.37189999997,399398.13169999997,0.0
baseline,584,171558.11090000003,187154.30279999995,0.0
baseline,572,147824.77539999998,187154.30280000003,0.0
baseline,895,662499.1081000001,615710.5323999999,0.0
baseline,120,190544.7793,214278.11479999998,0.0
baseline,299,248860.97509999998,206819.06650000002,0.0
baseline,578,248182.87979999997,261066.6905,0.0
baseline,606,147146.6801,163420.9673,0.0
baseline,784,445508.61209999997,417706.70479999995,0.0
baseline,340,339047.6499999999,337013.36409999995,0.0
baseline,801,501112.42669999995,469241.9475999999,0.0
baseline,366,177660.9686,193935.25579999998,0.0
pn_all,838,305142.88499999995,333622.88759999996,103070.48559999999
pn_all,922,313280.02859999996,338369.55470000004,94933.342
pn_all,914,313280.0286,326841.9346,100358.10439999998
pn_all,882,341760.0311999999,360746.6996,105104.77149999999
pn_all,879,440761.94499999995,480091.47239999997,147146.6801
pn_all,920,305820.9803,334300.98289999994,109173.34330000001
pn_all,826,427878.13430000003,465851.47109999997,154605.72840000002
pn_all,792,408213.3705999999,443474.3262,132906.6788
pn_all,794,440083.84969999996,405500.98939999996,124769.53519999997
pn_all,893,362780.9855,382445.7492,122057.15399999998
pn_all,904,363459.08079999994,337013.36410000006,105104.77149999999
pn_all,856,428556.2296,416350.5142,139687.6318
pn_all,532,215634.30539999995,224449.5443,64419.0535
pn_all,909,524167.66689999995,498400.04549999995,190544.7793
pn_all,377,221737.16309999998,214956.21009999997,67809.53000000001
pn_all,861,369561.93849999993,379055.2726999999,115276.201
pn_all,332,309889.5521,348540.98420000006,105782.86679999999
pn_all,813,267847.6435,305820.98029999994,75946.67360000001
pn_all,557,223771.449,261066.6905,66453.3394
pn_all,599,184441.92159999997,204106.68529999995,40685.71799999999
pn_all,608,126803.82109999999,149859.06129999994,41363.8133
pn_all,714,353287.6513,362102.8901999999,115276.20099999997
pn_all,917,273950.5012,255641.92810000002,75268.5783
pn_all,798,484838.13949999993,513996.2373999999,157318.1096
pn_all,919,338369.5546999999,344472.4123999999,110529.5339
pn_all,409,256998.11869999993,267169.54819999996,75946.67360000001
pn_all,858,360068.6042999999,404144.79879999993,120022.86809999998
pn_all,814,385836.22569999995,389226.70219999994,120700.96339999998
pn_all,913,501112.4266999999,460426.70869999996,147146.6801
pn_all,812,293615.26489999995,318704.7910000001,106460.96209999999
pn_all,903,387192.4163,393295.27400000003,128838.10699999999
pn_all,912,385836.2257,358034.3184,83405.7219
pn_all,94,255641.9281,250895.261,63740.958199999994
pn_all,740,365493.3667,388548.6069000001,136975.2506
pn_all,916,422453.37189999997,415672.4189,122057.15399999998
pn_all,873,294971.4555,313280.02859999996,86118.1031
pn_all,715,329554.3158,332266.697,105104.7715
pn_all,663,133584.77409999998,148502.8707,41363.81330000001
pn_all,545,124769.53519999997,149859.0613,35939.0509
pn_all,809,427200.03899999993,440761.94499999995,134262.86939999997
pn_all,876,455680.04160000006,417706.70479999995,140365.72709999996
pn_all,719,290224.78839999996,313280.02859999996,89508.57960000001
pn_all,765,399398.13169999997,412281.94239999994,139009.5365
pn_all,733,342438.12649999995,343116.2218,107817.15269999998
pn_all,376,196647.637,215634.3054,56960.0052
pn_all,551,254963.83279999997,268525.7388,88830.48430000001
pn_all,303,208175.25709999996,248182.8798,88152.38900000002
pn_all,737,378377.1774,402788.6082,127481.91639999997
pn_all,709,201394.3041,236655.25969999997,65775.2441
pn_all,307,262422.8811,265135.2623,93577.1514
pn_all,597,187832.39809999996,212243.82889999996,59672.38640000001
pn_all,605,129516.2023,165455.25319999998,48822.861600000004
pn_all,805,467207.6617,455680.0416,143756.20359999998
pn_all,385,218346.68660000002,210887.6383,61028.57699999999
pn_all,753,379055.2727000001,414316.22829999996,134262.86939999997
pn_all,701,214278.11479999998,213600.01949999997,54925.71929999999
pn_all,696,303108.5991,313958.1239,99001.91380000001
pn_all,432,328876.22049999994,358034.3184,114598.10569999997
pn_all,319,217668.59129999994,193257.1605,48144.7663
pn_all,729,383801.93979999993,396685.75049999997,113241.91509999997
pn_all,546,200038.11349999998,206140.97119999997,65775.2441
pn_all,918,223771.44899999996,249539.0704,69843.8159
pn_all,380,180373.34980000003,227161.9255,66453.3394
pn_all,638,196647.63699999996,242080.02209999997,67809.53
pn_all,793,391260.98809999996,432624.8014,137653.3459
pn_all,684,200716.2088,217668.59129999997,40007.62270000001
pn_all,791,338369.5547,334300.9829,120700.9634
pn_all,502,212921.92419999998,224449.54429999998,59672.386399999996
pn_all,322,220380.9725,226483.83019999997,62384.76759999999
pn_all,834,298361.93200000003,330232.4110999999,82727.6266
pn_all,852,514674.33269999997,494331.4737,156640.01429999998
pn_all,885,508571.475,463139.08989999996,144434.2989
pn_all,771,370240.0338,389904.7975,111885.7245
pn_all,712,252929.54689999996,291580.979,79337.1501
pn_all,373,201394.30409999998,230552.402,60350.4817
pn_all,596,186476.2075,221737.16309999995,61028.577
pn_all,726,367527.6526,386514.32099999994,104426.67619999999
pn_all,553,206819.0665,228518.11609999996,69843.8159
pn_all,911,288868.5978,325485.74399999995,90864.7702
pn_all,718,282765.7401,283443.8354,84083.8172
pn_all,802,390582.8928,367527.6526,116632.39159999997
pn_all,105,188510.49339999998,206819.0665,58316.19579999999
pn_all,116,202750.4947,229874.30669999996,73912.3877
pn_all,759,308533.3615,321417.1722,83405.7219
pn_all,118,188510.49339999998,198003.82760000002,62384.76759999999
pn_all,884,497721.9501999999,506537.18909999996,159352.3955
pn_all,866,193935.2558,196647.63700000002,50857.1475
pn_all,716,250895.26099999997,265135.2623,75268.57830000001
pn_all,804,448220.9932999999,421775.2766,145112.39419999998
pn_all,584,154605.72839999996,176304.778,35939.0509
pn_all,572,141043.82239999998,183763.8263,45432.3851
pn_all,895,638765.7725999999,612998.1512,188510.49339999998
pn_all,120,181051.44509999995,210887.6383,64419.05349999999
pn_all,299,256998.1187,208175.25709999996,58994.291099999995
pn_all,578,235977.16439999998,256320.0234,82049.5313
pn_all,606,143756.20359999998,164099.0626,46110.4804
pn_all,784,431268.6108,418384.80009999993,107139.05739999998
pn_all,340,315314.31450000004,330232.41109999997,102392.3903
pn_all,801,489584.8066,476700.9959,157318.1096
pn_all,366,174948.5874,201394.3041,57638.10049999999
pn_rtri,838,355321.9371999999,344472.4124,11527.6201
pn_rtri,922,311923.838,332266.6969999999,5424.7624
pn_rtri,914,341081.93590000004,324807.6486999999,12205.715400000001
pn_rtri,882,360746.6996,363459.08079999994,13561.905999999999
pn_rtri,879,505859.0938,497043.8548999999,17630.4778
pn_rtri,920,321417.1722,339047.64999999997,7459.0482999999995
pn_rtri,826,454323.8510000001,474666.70999999996,17630.4778
pn_rtri,792,417028.6094999999,439405.75440000003,16274.2872
pn_rtri,794,467207.66170000006,408891.46589999995,17630.4778
pn_rtri,893,379055.2727,383123.8445,14240.001299999998
pn_rtri,904,374986.70089999994,336335.26879999996,6780.9529999999995
pn_rtri,856,459748.6134,420419.0859999999,9493.334200000001
pn_rtri,532,231230.4973,227161.92550000004,12205.715399999997
pn_rtri,909,563497.1943,498400.0455,11527.6201
pn_rtri,377,228518.11609999998,213600.01949999997,5424.7624
pn_rtri,861,381089.5586,377020.98679999996,12883.810700000002
pn_rtri,332,335657.1735,352609.556,16274.287199999999
pn_rtri,813,291580.979,311245.74269999994,5424.7624
pn_rtri,557,238011.45030000003,263779.0717,6102.8577
pn_rtri,599,195969.5417,207497.1618,5424.7624
pn_rtri,608,148502.87070000003,163420.9673,3390.4764999999998
pn_rtri,714,364137.1761,356000.0325,10171.429500000002
pn_rtri,917,276662.8824,257676.21400000004,8815.2389
pn_rtri,798,522811.4763,526201.9528000001,21020.9543
pn_rtri,919,325485.744,338369.5547,6780.9529999999995
pn_rtri,409,262422.88109999994,263779.0717,5424.7624
pn_rtri,858,380411.46330000006,412281.94240000006,16952.3825
pn_rtri,814,387870.51159999997,390582.89280000003,12883.810700000002
pn_rtri,913,509927.66559999995,454323.85099999997,21020.954299999998
pn_rtri,812,303786.6943999999,322773.3628,8137.143599999999
pn_rtri,903,396685.75049999997,391260.98809999996,23733.3355
pn_rtri,912,395329.5599,349219.07949999993,9493.3342
pn_rtri,94,268525.7388,254285.73750000002,8815.2389
pn_rtri,740,384480.0351,387192.4163,9493.334200000001
pn_rtri,916,438049.5637999999,419740.9907,14918.096599999999
pn_rtri,873,307855.26619999995,318026.69570000004,5424.7624
pn_rtri,715,341081.9359,331588.60169999994,14918.096600000003
pn_rtri,663,198681.92289999995,187832.39809999993,6102.8577
pn_rtri,545,143756.20359999998,160708.58610000001,4746.6671
pn_rtri,809,436015.2779,446864.8027,12883.8107
pn_rtri,876,490940.9972,436693.37320000003,18986.668399999995
pn_rtri,719,305142.88499999995,315992.4097999999,10171.429500000002
pn_rtri,765,465173.3758,432624.80139999994,21699.049599999995
pn_rtri,733,362102.8902,347184.7936,2712.3812
pn_rtri,376,222415.25839999996,233942.8785,11527.6201
pn_rtri,551,273950.5012,272594.31059999997,4746.6671
pn_rtri,303,221059.06779999996,254285.73749999996,9493.3342
pn_rtri,737,384480.0351,408213.37059999997,12883.810699999998
pn_rtri,709,229196.2114,243436.21269999997,7459.0482999999995
pn_rtri,307,280053.3589,271916.2153,5424.7624
pn_rtri,597,195969.54169999997,207497.1618,7459.0482999999995
pn_rtri,605,129516.2023,168167.6344,4746.6671
pn_rtri,805,487550.52070000005,459070.51809999987,18308.573099999998
pn_rtri,385,223771.44899999996,209531.4477,7459.0482999999995
pn_rtri,753,405500.9894,427878.1343,22377.144900000003
pn_rtri,701,225127.63960000002,223093.3537,4068.5717999999997
pn_rtri,696,343794.3171,332944.7923,10171.429500000002
pn_rtri,432,353287.6513,365493.3666999999,15596.191900000002
pn_rtri,319,212921.92419999998,192579.06519999998,4746.6671
pn_rtri,729,404144.7988,396007.65520000004,11527.620099999998
pn_rtri,546,213600.01949999997,218346.68659999996,4746.6671
pn_rtri,918,231908.5926,256998.11869999996,8137.143599999999
pn_rtri,380,191222.87459999998,232586.6879,6102.8577
pn_rtri,638,211565.7336,246148.59389999995,5424.7624
pn_rtri,793,401432.41760000004,433302.8966999999,9493.334200000001
pn_rtri,684,208853.3524,219702.87719999996,2034.2858999999999
pn_rtri,791,358712.4137,339047.6499999999,14918.0966
pn_rtri,502,212921.92419999998,217668.59129999997,6102.8577
pn_rtri,322,246148.59389999998,235299.0691,8137.143599999999
pn_rtri,834,301074.3132,325485.744,14240.0013
pn_rtri,852,545866.7165,506537.1891000001,16274.287199999999
pn_rtri,885,520777.19039999996,461104.804,16952.3825
pn_rtri,771,381767.65390000003,385836.22569999995,8815.2389
pn_rtri,712,267847.6435,293615.2649,9493.334200000001
pn_rtri,373,208175.2571,232586.6879,7459.0482999999995
pn_rtri,596,249539.0704,252251.45159999997,12205.715400000001
pn_rtri,726,362102.89019999997,385158.13039999997,8815.2389
pn_rtri,553,214956.21010000003,231230.49729999996,5424.7624
pn_rtri,911,291580.979,327520.0298999999,7459.0482999999995
pn_rtri,718,287512.40719999996,286156.2166,9493.3342
pn_rtri,802,408213.37059999997,374308.60559999995,15596.1919
pn_rtri,105,185798.11219999997,202072.3994,8137.143599999999
pn_rtri,116,210887.6383,228518.11609999996,9493.334200000001
pn_rtri,759,330232.4111,331588.60170000006,4068.5717999999997
pn_rtri,118,210887.6383,208175.2571,10171.429500000002
pn_rtri,884,575024.8144,537051.4776,19664.7637
pn_rtri,866,233942.87849999996,211565.73359999998,5424.7624
pn_rtri,716,255641.92809999996,267169.54819999996,5424.7624
pn_rtri,804,421775.2766,399398.1317,11527.620100000002
pn_rtri,584,165455.25319999998,182407.6357,2034.2858999999999
pn_rtri,572,144434.2989,185798.11219999995,4746.6671
pn_rtri,895,661821.0128,615710.5323999999,27123.812
pn_rtri,120,189866.68399999998,214956.2101,7459.0482999999995
pn_rtri,299,248860.97509999998,206819.0665,4068.5717999999997
pn_rtri,578,245470.49859999996,260388.59519999992,9493.3342
pn_rtri,606,147146.6801,163420.9673,2034.2858999999999
pn_rtri,784,443474.3262,419062.8953999999,12205.715400000001
pn_rtri,340,339047.6499999999,339047.64999999997,13561.905999999999
pn_rtri,801,497721.9502,469920.04289999994,15596.191899999998
pn_rtri,366,175626.6827,194613.3511,7459.0482999999995
